<?xml version="1.0" encoding="UTF-8" ?><Employees>
	<Employee>
		<FirstName>Reese</FirstName>
		<LastName>Kathleen</LastName>
		<Email>lorem@egestasurna.ca</Email>
		<Department>Nascetur Company</Department>
		<Address>660-7068 Nonummy St.</Address>
	</Employee>
	<Employee>
		<FirstName>May</FirstName>
		<LastName>Teagan</LastName>
		<Email>lacus.Etiam.bibendum@fermentum.co.uk</Email>
		<Department>Sit Amet LLP</Department>
		<Address>552-3020 Nisl. Road</Address>
	</Employee>
	<Employee>
		<FirstName>Jarrod</FirstName>
		<LastName>Juliet</LastName>
		<Email>risus.a@id.ca</Email>
		<Department>Bibendum Donec Felis PC</Department>
		<Address>P.O. Box 693, 4944 Donec Street</Address>
	</Employee>
	<Employee>
		<FirstName>Brian</FirstName>
		<LastName>Heather</LastName>
		<Email>tincidunt@maurisipsumporta.ca</Email>
		<Department>Ut Nisi A Foundation</Department>
		<Address>191-1494 Arcu Avenue</Address>
	</Employee>
	<Employee>
		<FirstName>Jescie</FirstName>
		<LastName>Alyssa</LastName>
		<Email>Donec.porttitor@Nunclectus.edu</Email>
		<Department>Tellus Industries</Department>
		<Address>P.O. Box 922, 4239 Erat, Road</Address>
	</Employee>
	<Employee>
		<FirstName>Mercedes</FirstName>
		<LastName>Nicholas</LastName>
		<Email>posuere.cubilia@nibhlacinia.ca</Email>
		<Department>Gravida Corporation</Department>
		<Address>939-6721 Duis Rd.</Address>
	</Employee>
	<Employee>
		<FirstName>Brynn</FirstName>
		<LastName>Kelly</LastName>
		<Email>a.feugiat.tellus@nascetur.org</Email>
		<Department>Amet Nulla Consulting</Department>
		<Address>P.O. Box 452, 2590 In Rd.</Address>
	</Employee>
	<Employee>
		<FirstName>Faith</FirstName>
		<LastName>Darryl</LastName>
		<Email>Mauris@montesnasceturridiculus.org</Email>
		<Department>Ut Cursus LLP</Department>
		<Address>P.O. Box 535, 6140 Erat. Rd.</Address>
	</Employee>
	<Employee>
		<FirstName>Bernard</FirstName>
		<LastName>Driscoll</LastName>
		<Email>dolor@pedeblanditcongue.ca</Email>
		<Department>Auctor Foundation</Department>
		<Address>236 Id, Rd.</Address>
	</Employee>
	<Employee>
		<FirstName>Dylan</FirstName>
		<LastName>Flynn</LastName>
		<Email>libero.et@adipiscingnonluctus.org</Email>
		<Department>Et Commodo At LLP</Department>
		<Address>1634 Natoque St.</Address>
	</Employee>
	<Employee>
		<FirstName>Allistair</FirstName>
		<LastName>Orli</LastName>
		<Email>sed.orci.lobortis@tellus.co.uk</Email>
		<Department>A Limited</Department>
		<Address>P.O. Box 375, 5055 Mauris Road</Address>
	</Employee>
	<Employee>
		<FirstName>Melissa</FirstName>
		<LastName>Nigel</LastName>
		<Email>at.augue.id@velquamdignissim.org</Email>
		<Department>Vitae Aliquet Nec Company</Department>
		<Address>693-7175 Quisque Av.</Address>
	</Employee>
	<Employee>
		<FirstName>Hilel</FirstName>
		<LastName>Ila</LastName>
		<Email>scelerisque@lectuspedeet.edu</Email>
		<Department>Lobortis Ultrices Institute</Department>
		<Address>655-2680 Non, Av.</Address>
	</Employee>
	<Employee>
		<FirstName>Adena</FirstName>
		<LastName>Lucas</LastName>
		<Email>nec.orci@necante.org</Email>
		<Department>Ullamcorper Consulting</Department>
		<Address>Ap #655-5987 Neque Av.</Address>
	</Employee>
	<Employee>
		<FirstName>Moses</FirstName>
		<LastName>Desiree</LastName>
		<Email>magna.Duis.dignissim@fringilla.ca</Email>
		<Department>Lorem Ipsum Dolor Inc.</Department>
		<Address>Ap #108-1291 Libero Street</Address>
	</Employee>
	<Employee>
		<FirstName>Rama</FirstName>
		<LastName>Signe</LastName>
		<Email>vulputate@vulputatenisisem.com</Email>
		<Department>Tellus Industries</Department>
		<Address>763-7131 Fusce St.</Address>
	</Employee>
	<Employee>
		<FirstName>Adria</FirstName>
		<LastName>Kathleen</LastName>
		<Email>Cras@arcuVestibulumante.co.uk</Email>
		<Department>Tellus Id Nunc LLC</Department>
		<Address>548-7856 Tristique Road</Address>
	</Employee>
	<Employee>
		<FirstName>Quinn</FirstName>
		<LastName>Lael</LastName>
		<Email>magnis@massaInteger.edu</Email>
		<Department>Semper Cursus Corp.</Department>
		<Address>P.O. Box 494, 5565 Eget Ave</Address>
	</Employee>
	<Employee>
		<FirstName>Noah</FirstName>
		<LastName>Wylie</LastName>
		<Email>Pellentesque.ultricies.dignissim@Donecelementum.org</Email>
		<Department>Lacus Mauris Associates</Department>
		<Address>924-9013 Fringilla Road</Address>
	</Employee>
	<Employee>
		<FirstName>Orson</FirstName>
		<LastName>Shellie</LastName>
		<Email>sit.amet@blanditenim.org</Email>
		<Department>Pellentesque PC</Department>
		<Address>Ap #453-7796 Egestas, St.</Address>
	</Employee>
	<Employee>
		<FirstName>Dalton</FirstName>
		<LastName>Larissa</LastName>
		<Email>Aenean@Nuncut.ca</Email>
		<Department>Condimentum Eget Volutpat Limited</Department>
		<Address>754-2639 Nam Rd.</Address>
	</Employee>
	<Employee>
		<FirstName>Leonard</FirstName>
		<LastName>Blaze</LastName>
		<Email>vitae@Pellentesque.edu</Email>
		<Department>Ullamcorper Duis Foundation</Department>
		<Address>3541 Facilisis, Road</Address>
	</Employee>
	<Employee>
		<FirstName>Burton</FirstName>
		<LastName>Pascale</LastName>
		<Email>sit.amet.massa@magna.org</Email>
		<Department>In PC</Department>
		<Address>4161 Sit St.</Address>
	</Employee>
	<Employee>
		<FirstName>Yoshi</FirstName>
		<LastName>Adena</LastName>
		<Email>a.purus@Suspendissealiquet.ca</Email>
		<Department>Luctus Lobortis Associates</Department>
		<Address>8604 Gravida Ave</Address>
	</Employee>
	<Employee>
		<FirstName>Hilary</FirstName>
		<LastName>Chiquita</LastName>
		<Email>nibh.Donec.est@eratvelpede.org</Email>
		<Department>Mattis Velit Justo Inc.</Department>
		<Address>677-3308 Vestibulum Av.</Address>
	</Employee>
	<Employee>
		<FirstName>Demetria</FirstName>
		<LastName>Quinn</LastName>
		<Email>sed.facilisis.vitae@bibendum.edu</Email>
		<Department>Adipiscing Corporation</Department>
		<Address>1710 Lectus Road</Address>
	</Employee>
	<Employee>
		<FirstName>Unity</FirstName>
		<LastName>Juliet</LastName>
		<Email>a.aliquet.vel@dictumPhasellusin.net</Email>
		<Department>Ipsum Primis Industries</Department>
		<Address>9161 Non Rd.</Address>
	</Employee>
	<Employee>
		<FirstName>Ashton</FirstName>
		<LastName>Imelda</LastName>
		<Email>mollis.Phasellus.libero@eliteratvitae.ca</Email>
		<Department>Consectetuer Industries</Department>
		<Address>P.O. Box 637, 1071 Sollicitudin Ave</Address>
	</Employee>
	<Employee>
		<FirstName>Curran</FirstName>
		<LastName>Maisie</LastName>
		<Email>malesuada.vel.venenatis@etnetuset.edu</Email>
		<Department>Lacinia Vitae Sodales Inc.</Department>
		<Address>P.O. Box 165, 5547 Arcu. Ave</Address>
	</Employee>
	<Employee>
		<FirstName>Slade</FirstName>
		<LastName>Karen</LastName>
		<Email>Vestibulum@insodaleselit.ca</Email>
		<Department>Quam Associates</Department>
		<Address>Ap #421-8893 Hendrerit Road</Address>
	</Employee>
	<Employee>
		<FirstName>Clementine</FirstName>
		<LastName>Zeus</LastName>
		<Email>nulla.vulputate.dui@montes.edu</Email>
		<Department>Phasellus Libero PC</Department>
		<Address>867-7248 Bibendum Rd.</Address>
	</Employee>
	<Employee>
		<FirstName>Kyra</FirstName>
		<LastName>Mallory</LastName>
		<Email>Morbi.neque@duinec.org</Email>
		<Department>Mauris Corporation</Department>
		<Address>Ap #622-8835 Ac Rd.</Address>
	</Employee>
	<Employee>
		<FirstName>Shannon</FirstName>
		<LastName>Calista</LastName>
		<Email>mattis@faucibus.co.uk</Email>
		<Department>Ac Feugiat Consulting</Department>
		<Address>7628 Tellus St.</Address>
	</Employee>
	<Employee>
		<FirstName>Michelle</FirstName>
		<LastName>Gage</LastName>
		<Email>adipiscing@Quisquenonummyipsum.ca</Email>
		<Department>Mauris Non LLP</Department>
		<Address>6962 Nunc Rd.</Address>
	</Employee>
	<Employee>
		<FirstName>Neil</FirstName>
		<LastName>Haviva</LastName>
		<Email>ipsum@acmattis.net</Email>
		<Department>Porttitor Consulting</Department>
		<Address>P.O. Box 128, 3824 Sit Ave</Address>
	</Employee>
	<Employee>
		<FirstName>Nathaniel</FirstName>
		<LastName>Kirsten</LastName>
		<Email>viverra@Nuncsollicitudin.org</Email>
		<Department>Magna Foundation</Department>
		<Address>7041 A St.</Address>
	</Employee>
	<Employee>
		<FirstName>Fallon</FirstName>
		<LastName>Olivia</LastName>
		<Email>lorem.ac@vehiculaPellentesque.co.uk</Email>
		<Department>Dui Inc.</Department>
		<Address>8670 Feugiat St.</Address>
	</Employee>
	<Employee>
		<FirstName>Shafira</FirstName>
		<LastName>Constance</LastName>
		<Email>dis.parturient.montes@quis.com</Email>
		<Department>Blandit Foundation</Department>
		<Address>P.O. Box 260, 528 Ac Rd.</Address>
	</Employee>
	<Employee>
		<FirstName>Noelani</FirstName>
		<LastName>Gillian</LastName>
		<Email>commodo.at@volutpat.edu</Email>
		<Department>Per Industries</Department>
		<Address>312-6218 Nullam Street</Address>
	</Employee>
	<Employee>
		<FirstName>Camden</FirstName>
		<LastName>Robin</LastName>
		<Email>erat.volutpat.Nulla@faucibus.co.uk</Email>
		<Department>Vivamus Institute</Department>
		<Address>1450 Sed Street</Address>
	</Employee>
	<Employee>
		<FirstName>Harlan</FirstName>
		<LastName>Savannah</LastName>
		<Email>suscipit.nonummy@porttitorvulputateposuere.org</Email>
		<Department>Euismod In Associates</Department>
		<Address>3008 Quis St.</Address>
	</Employee>
	<Employee>
		<FirstName>Violet</FirstName>
		<LastName>Elijah</LastName>
		<Email>ornare@eratneque.edu</Email>
		<Department>Rutrum Industries</Department>
		<Address>8719 At Ave</Address>
	</Employee>
	<Employee>
		<FirstName>Gail</FirstName>
		<LastName>Garth</LastName>
		<Email>libero.at.auctor@quislectusNullam.net</Email>
		<Department>Odio Limited</Department>
		<Address>4811 Non, Av.</Address>
	</Employee>
	<Employee>
		<FirstName>Britanni</FirstName>
		<LastName>Jason</LastName>
		<Email>Nulla.aliquet@loremloremluctus.net</Email>
		<Department>Nec Urna Incorporated</Department>
		<Address>754-8167 Augue, Street</Address>
	</Employee>
	<Employee>
		<FirstName>Signe</FirstName>
		<LastName>Rama</LastName>
		<Email>cursus@fermentum.net</Email>
		<Department>Diam Foundation</Department>
		<Address>782-6166 Libero Avenue</Address>
	</Employee>
	<Employee>
		<FirstName>Grant</FirstName>
		<LastName>Amethyst</LastName>
		<Email>euismod@auctorvelit.org</Email>
		<Department>Amet Industries</Department>
		<Address>P.O. Box 553, 2014 Velit St.</Address>
	</Employee>
	<Employee>
		<FirstName>Delilah</FirstName>
		<LastName>Daquan</LastName>
		<Email>fames.ac.turpis@Phasellus.net</Email>
		<Department>Odio Semper Cursus LLC</Department>
		<Address>P.O. Box 754, 1267 Iaculis St.</Address>
	</Employee>
	<Employee>
		<FirstName>Richard</FirstName>
		<LastName>Damian</LastName>
		<Email>a.dui@IncondimentumDonec.co.uk</Email>
		<Department>Ut Company</Department>
		<Address>999-8168 Nunc Rd.</Address>
	</Employee>
	<Employee>
		<FirstName>Fredericka</FirstName>
		<LastName>Simon</LastName>
		<Email>faucibus@vitae.net</Email>
		<Department>Interdum Enim Foundation</Department>
		<Address>5882 At, St.</Address>
	</Employee>
	<Employee>
		<FirstName>Dai</FirstName>
		<LastName>Clio</LastName>
		<Email>ornare.facilisis@Quisquefringilla.co.uk</Email>
		<Department>Et Euismod Inc.</Department>
		<Address>Ap #240-8767 Phasellus Road</Address>
	</Employee>
	<Employee>
		<FirstName>Karyn</FirstName>
		<LastName>TaShya</LastName>
		<Email>Suspendisse@mollis.net</Email>
		<Department>Ipsum Dolor Sit Incorporated</Department>
		<Address>P.O. Box 627, 2337 Curabitur St.</Address>
	</Employee>
	<Employee>
		<FirstName>Brent</FirstName>
		<LastName>Heidi</LastName>
		<Email>ut.lacus@loremvehiculaet.edu</Email>
		<Department>Risus Morbi Limited</Department>
		<Address>P.O. Box 369, 6408 Pede. Avenue</Address>
	</Employee>
	<Employee>
		<FirstName>Hammett</FirstName>
		<LastName>Germaine</LastName>
		<Email>tristique@egestasnuncsed.ca</Email>
		<Department>Nullam LLC</Department>
		<Address>185-1797 Nascetur Av.</Address>
	</Employee>
	<Employee>
		<FirstName>Jack</FirstName>
		<LastName>Kellie</LastName>
		<Email>ac@justosit.edu</Email>
		<Department>Nisl Corp.</Department>
		<Address>P.O. Box 520, 1004 Mi Rd.</Address>
	</Employee>
	<Employee>
		<FirstName>Latifah</FirstName>
		<LastName>Xavier</LastName>
		<Email>nisl@dignissim.org</Email>
		<Department>In Lobortis Tellus PC</Department>
		<Address>P.O. Box 803, 1342 Pretium Av.</Address>
	</Employee>
	<Employee>
		<FirstName>Cassady</FirstName>
		<LastName>Xena</LastName>
		<Email>tincidunt@purus.net</Email>
		<Department>Volutpat Nulla Facilisis Industries</Department>
		<Address>339-2908 Non, Avenue</Address>
	</Employee>
	<Employee>
		<FirstName>Preston</FirstName>
		<LastName>Marshall</LastName>
		<Email>nunc@risusDonecnibh.com</Email>
		<Department>Sit Limited</Department>
		<Address>Ap #283-663 Cursus Rd.</Address>
	</Employee>
	<Employee>
		<FirstName>Steven</FirstName>
		<LastName>Wang</LastName>
		<Email>tortor.at.risus@bibendum.com</Email>
		<Department>Libero Et Tristique Corp.</Department>
		<Address>P.O. Box 325, 1186 Aliquam Road</Address>
	</Employee>
	<Employee>
		<FirstName>Emmanuel</FirstName>
		<LastName>Sawyer</LastName>
		<Email>aliquam.iaculis.lacus@luctuset.co.uk</Email>
		<Department>Ut Nulla Associates</Department>
		<Address>542 Imperdiet, Avenue</Address>
	</Employee>
	<Employee>
		<FirstName>Hilel</FirstName>
		<LastName>Knox</LastName>
		<Email>libero@nuncinterdumfeugiat.net</Email>
		<Department>Scelerisque Dui Suspendisse Ltd</Department>
		<Address>P.O. Box 854, 5285 Ut Rd.</Address>
	</Employee>
	<Employee>
		<FirstName>Jane</FirstName>
		<LastName>Aubrey</LastName>
		<Email>imperdiet@ametconsectetueradipiscing.edu</Email>
		<Department>Sollicitudin Industries</Department>
		<Address>Ap #557-600 Bibendum Ave</Address>
	</Employee>
	<Employee>
		<FirstName>Barbara</FirstName>
		<LastName>Wesley</LastName>
		<Email>hymenaeos@InfaucibusMorbi.edu</Email>
		<Department>Nunc Institute</Department>
		<Address>529-4373 Libero Av.</Address>
	</Employee>
	<Employee>
		<FirstName>Connor</FirstName>
		<LastName>Hu</LastName>
		<Email>elit.erat.vitae@tortor.ca</Email>
		<Department>Mi LLC</Department>
		<Address>P.O. Box 351, 8806 Metus Avenue</Address>
	</Employee>
	<Employee>
		<FirstName>Tanek</FirstName>
		<LastName>Zenia</LastName>
		<Email>Donec@parturient.ca</Email>
		<Department>Ornare Fusce Institute</Department>
		<Address>Ap #749-6039 Leo. Ave</Address>
	</Employee>
	<Employee>
		<FirstName>Carter</FirstName>
		<LastName>Lois</LastName>
		<Email>tellus.eu@Aeneanegestashendrerit.edu</Email>
		<Department>Auctor Ullamcorper Ltd</Department>
		<Address>399-1859 Malesuada. Ave</Address>
	</Employee>
	<Employee>
		<FirstName>Derek</FirstName>
		<LastName>Winter</LastName>
		<Email>dapibus@porttitor.ca</Email>
		<Department>Ipsum Primis In Incorporated</Department>
		<Address>6698 Interdum. Rd.</Address>
	</Employee>
	<Employee>
		<FirstName>Ori</FirstName>
		<LastName>Xanthus</LastName>
		<Email>varius@auctornon.co.uk</Email>
		<Department>Velit Corp.</Department>
		<Address>773-4027 Ut, St.</Address>
	</Employee>
	<Employee>
		<FirstName>Andrew</FirstName>
		<LastName>MacKenzie</LastName>
		<Email>diam.nunc@velitSed.co.uk</Email>
		<Department>Molestie Orci Tincidunt Ltd</Department>
		<Address>P.O. Box 156, 5672 At, Av.</Address>
	</Employee>
	<Employee>
		<FirstName>Echo</FirstName>
		<LastName>Doris</LastName>
		<Email>mauris@nislarcu.org</Email>
		<Department>Enim Sit LLP</Department>
		<Address>Ap #810-3550 Eu Av.</Address>
	</Employee>
	<Employee>
		<FirstName>Declan</FirstName>
		<LastName>Sylvia</LastName>
		<Email>dapibus.quam@ridiculusmus.ca</Email>
		<Department>Tellus PC</Department>
		<Address>Ap #922-1391 Nec St.</Address>
	</Employee>
	<Employee>
		<FirstName>Donna</FirstName>
		<LastName>Jade</LastName>
		<Email>metus.Vivamus@nisl.com</Email>
		<Department>Duis A Mi Associates</Department>
		<Address>Ap #250-2817 Elementum Road</Address>
	</Employee>
	<Employee>
		<FirstName>Rana</FirstName>
		<LastName>Sylvia</LastName>
		<Email>ipsum.Phasellus@dolor.ca</Email>
		<Department>Volutpat Nulla Dignissim Consulting</Department>
		<Address>P.O. Box 448, 4059 Vestibulum St.</Address>
	</Employee>
	<Employee>
		<FirstName>Wayne</FirstName>
		<LastName>Meghan</LastName>
		<Email>ipsum.nunc@antedictumcursus.edu</Email>
		<Department>Ipsum Sodales LLP</Department>
		<Address>P.O. Box 396, 3443 Blandit St.</Address>
	</Employee>
	<Employee>
		<FirstName>Deacon</FirstName>
		<LastName>Xandra</LastName>
		<Email>diam.nunc@nullamagnamalesuada.net</Email>
		<Department>Gravida Aliquam Tincidunt Associates</Department>
		<Address>Ap #432-2794 Nec Avenue</Address>
	</Employee>
	<Employee>
		<FirstName>Ray</FirstName>
		<LastName>Darrel</LastName>
		<Email>Nullam.velit@dolorvitaedolor.co.uk</Email>
		<Department>Pede Malesuada Vel Foundation</Department>
		<Address>P.O. Box 917, 9871 Ut Av.</Address>
	</Employee>
	<Employee>
		<FirstName>Elton</FirstName>
		<LastName>MacKenzie</LastName>
		<Email>Nam@Donecnibh.edu</Email>
		<Department>Tincidunt Congue Company</Department>
		<Address>P.O. Box 303, 9150 Senectus St.</Address>
	</Employee>
	<Employee>
		<FirstName>Armando</FirstName>
		<LastName>Larissa</LastName>
		<Email>adipiscing.elit.Aliquam@malesuadaaugueut.co.uk</Email>
		<Department>Lectus Institute</Department>
		<Address>Ap #551-6667 Ligula. Rd.</Address>
	</Employee>
	<Employee>
		<FirstName>Lane</FirstName>
		<LastName>Wang</LastName>
		<Email>Donec.elementum.lorem@litoratorquentper.edu</Email>
		<Department>Eget Massa LLC</Department>
		<Address>Ap #575-1020 Ornare Street</Address>
	</Employee>
	<Employee>
		<FirstName>Hector</FirstName>
		<LastName>Emi</LastName>
		<Email>vestibulum.neque.sed@nisiCum.ca</Email>
		<Department>Scelerisque PC</Department>
		<Address>Ap #670-4547 Congue Avenue</Address>
	</Employee>
	<Employee>
		<FirstName>Ifeoma</FirstName>
		<LastName>Brenna</LastName>
		<Email>ante.dictum@eratnonummy.co.uk</Email>
		<Department>Nulla In Inc.</Department>
		<Address>177-1971 Eget Street</Address>
	</Employee>
	<Employee>
		<FirstName>Harrison</FirstName>
		<LastName>Lacy</LastName>
		<Email>imperdiet@velsapienimperdiet.net</Email>
		<Department>Convallis Ligula Donec Inc.</Department>
		<Address>P.O. Box 271, 2188 Dui. Avenue</Address>
	</Employee>
	<Employee>
		<FirstName>Alisa</FirstName>
		<LastName>Cheryl</LastName>
		<Email>molestie.orci.tincidunt@eget.ca</Email>
		<Department>Blandit Mattis Industries</Department>
		<Address>505-6242 Vestibulum, Avenue</Address>
	</Employee>
	<Employee>
		<FirstName>Brian</FirstName>
		<LastName>Baker</LastName>
		<Email>ac.arcu@ut.net</Email>
		<Department>Non Enim Incorporated</Department>
		<Address>941-102 Morbi Rd.</Address>
	</Employee>
	<Employee>
		<FirstName>Suki</FirstName>
		<LastName>Ignacia</LastName>
		<Email>massa.Mauris@tellus.edu</Email>
		<Department>Bibendum Company</Department>
		<Address>8452 Magnis Ave</Address>
	</Employee>
	<Employee>
		<FirstName>Tad</FirstName>
		<LastName>Jeanette</LastName>
		<Email>Nulla@est.org</Email>
		<Department>Non Quam Consulting</Department>
		<Address>6116 Tincidunt Rd.</Address>
	</Employee>
	<Employee>
		<FirstName>Britanney</FirstName>
		<LastName>Garth</LastName>
		<Email>magna@tellusNunc.org</Email>
		<Department>Non Massa Corporation</Department>
		<Address>P.O. Box 299, 246 Erat Avenue</Address>
	</Employee>
	<Employee>
		<FirstName>Logan</FirstName>
		<LastName>Beverly</LastName>
		<Email>vitae@est.net</Email>
		<Department>Mauris Incorporated</Department>
		<Address>P.O. Box 127, 7859 Fringilla Street</Address>
	</Employee>
	<Employee>
		<FirstName>Fatima</FirstName>
		<LastName>Caleb</LastName>
		<Email>faucibus@anteMaecenasmi.co.uk</Email>
		<Department>Quisque Ornare Foundation</Department>
		<Address>8505 Nec Rd.</Address>
	</Employee>
	<Employee>
		<FirstName>Brent</FirstName>
		<LastName>Cheyenne</LastName>
		<Email>Donec@sitamet.co.uk</Email>
		<Department>Vel Pede Company</Department>
		<Address>P.O. Box 742, 9725 Massa Road</Address>
	</Employee>
	<Employee>
		<FirstName>Jakeem</FirstName>
		<LastName>Gil</LastName>
		<Email>adipiscing.fringilla@idenimCurabitur.net</Email>
		<Department>Sem Industries</Department>
		<Address>989-3173 Feugiat Road</Address>
	</Employee>
	<Employee>
		<FirstName>Octavius</FirstName>
		<LastName>Aileen</LastName>
		<Email>vitae.purus.gravida@purus.edu</Email>
		<Department>Et Foundation</Department>
		<Address>P.O. Box 899, 1820 Cras Rd.</Address>
	</Employee>
	<Employee>
		<FirstName>Benedict</FirstName>
		<LastName>Zelenia</LastName>
		<Email>tristique.neque@dictumplacerat.edu</Email>
		<Department>Dolor Incorporated</Department>
		<Address>245 Nulla. Avenue</Address>
	</Employee>
	<Employee>
		<FirstName>Tanya</FirstName>
		<LastName>Gail</LastName>
		<Email>commodo.at@vel.ca</Email>
		<Department>Arcu Nunc Foundation</Department>
		<Address>P.O. Box 236, 5299 Ac St.</Address>
	</Employee>
	<Employee>
		<FirstName>Evelyn</FirstName>
		<LastName>Maile</LastName>
		<Email>at.egestas@non.ca</Email>
		<Department>Eu Augue LLP</Department>
		<Address>P.O. Box 450, 9063 Egestas Road</Address>
	</Employee>
	<Employee>
		<FirstName>Aphrodite</FirstName>
		<LastName>Maisie</LastName>
		<Email>ornare.sagittis@euarcuMorbi.org</Email>
		<Department>Accumsan Sed Corporation</Department>
		<Address>760-1249 Eget Avenue</Address>
	</Employee>
	<Employee>
		<FirstName>Maggie</FirstName>
		<LastName>Vernon</LastName>
		<Email>nunc.sed.pede@etmagnisdis.edu</Email>
		<Department>Interdum Nunc Ltd</Department>
		<Address>P.O. Box 353, 8814 Molestie. Street</Address>
	</Employee>
	<Employee>
		<FirstName>Frances</FirstName>
		<LastName>Illiana</LastName>
		<Email>tristique.senectus.et@in.org</Email>
		<Department>Tellus Faucibus Leo LLP</Department>
		<Address>1218 Odio Ave</Address>
	</Employee>
	<Employee>
		<FirstName>Kaye</FirstName>
		<LastName>Noble</LastName>
		<Email>vulputate@sit.org</Email>
		<Department>Magna Consulting</Department>
		<Address>173-8162 Et St.</Address>
	</Employee>
	<Employee>
		<FirstName>Ivory</FirstName>
		<LastName>Kimberly</LastName>
		<Email>habitant@consectetuermauris.net</Email>
		<Department>Maecenas Iaculis Incorporated</Department>
		<Address>Ap #918-1557 Sed Avenue</Address>
	</Employee>
	<Employee>
		<FirstName>Tallulah</FirstName>
		<LastName>Mark</LastName>
		<Email>rutrum@Phasellus.org</Email>
		<Department>Ultrices Posuere Cubilia Company</Department>
		<Address>Ap #909-471 Justo. Rd.</Address>
	</Employee>
</Employees>
