<?xml version="1.0" encoding="UTF-8" ?><Employees>
	<Employee>
		<FirstName>Calvin</FirstName>
		<LastName>Kelsey</LastName>
		<Email>luctus.aliquet@rhoncusid.co.uk</Email>
		<Department>Enim Sed Nulla LLC</Department>
		<Address>P.O. Box 540, 9169 Lorem, Road</Address>
	</Employee>
	<Employee>
		<FirstName>Sasha</FirstName>
		<LastName>Prescott</LastName>
		<Email>primis@ullamcorpervelitin.org</Email>
		<Department>Ridiculus Mus Corp.</Department>
		<Address>P.O. Box 194, 8777 Odio Road</Address>
	</Employee>
	<Employee>
		<FirstName>Orson</FirstName>
		<LastName>Gareth</LastName>
		<Email>lorem.sit.amet@nonloremvitae.net</Email>
		<Department>Tellus Nunc Lectus LLP</Department>
		<Address>Ap #202-5719 Mauris. Street</Address>
	</Employee>
	<Employee>
		<FirstName>MacKenzie</FirstName>
		<LastName>Winifred</LastName>
		<Email>ultricies.adipiscing@fringillaporttitor.co.uk</Email>
		<Department>Orci Adipiscing Corp.</Department>
		<Address>9042 At Ave</Address>
	</Employee>
	<Employee>
		<FirstName>Jasmine</FirstName>
		<LastName>Cassidy</LastName>
		<Email>urna@CuraeDonec.com</Email>
		<Department>Condimentum Eget Volutpat LLP</Department>
		<Address>Ap #467-4998 Sed Street</Address>
	</Employee>
	<Employee>
		<FirstName>Leroy</FirstName>
		<LastName>Tashya</LastName>
		<Email>Pellentesque@est.co.uk</Email>
		<Department>Maecenas Malesuada Fringilla Inc.</Department>
		<Address>6864 Lectus. St.</Address>
	</Employee>
	<Employee>
		<FirstName>Moana</FirstName>
		<LastName>Maryam</LastName>
		<Email>Donec.luctus@sed.org</Email>
		<Department>Ut Foundation</Department>
		<Address>Ap #286-281 Sem Rd.</Address>
	</Employee>
	<Employee>
		<FirstName>Hayden</FirstName>
		<LastName>Kitra</LastName>
		<Email>metus@Quisque.edu</Email>
		<Department>Elit Pretium Limited</Department>
		<Address>171-9847 Vulputate, Ave</Address>
	</Employee>
	<Employee>
		<FirstName>Ian</FirstName>
		<LastName>Cruz</LastName>
		<Email>erat@Nullatempor.org</Email>
		<Department>Pede Incorporated</Department>
		<Address>Ap #159-8751 In Rd.</Address>
	</Employee>
	<Employee>
		<FirstName>Victoria</FirstName>
		<LastName>Adria</LastName>
		<Email>ac.tellus@mi.org</Email>
		<Department>Ac Urna Limited</Department>
		<Address>8119 Laoreet Rd.</Address>
	</Employee>
	<Employee>
		<FirstName>Hu</FirstName>
		<LastName>Shay</LastName>
		<Email>nisl@condimentumDonec.ca</Email>
		<Department>Phasellus Ornare Fusce PC</Department>
		<Address>705 Nibh Av.</Address>
	</Employee>
	<Employee>
		<FirstName>MacKenzie</FirstName>
		<LastName>Rama</LastName>
		<Email>Aliquam.nisl@sem.ca</Email>
		<Department>Sodales Purus PC</Department>
		<Address>4954 Per Av.</Address>
	</Employee>
	<Employee>
		<FirstName>Deanna</FirstName>
		<LastName>Whoopi</LastName>
		<Email>vestibulum.nec.euismod@placerataugueSed.ca</Email>
		<Department>Congue Turpis In Inc.</Department>
		<Address>980-5394 Gravida Avenue</Address>
	</Employee>
	<Employee>
		<FirstName>Lydia</FirstName>
		<LastName>Ashton</LastName>
		<Email>ligula.Aenean.gravida@orciconsectetuer.ca</Email>
		<Department>Sagittis Limited</Department>
		<Address>9031 Felis St.</Address>
	</Employee>
	<Employee>
		<FirstName>Sade</FirstName>
		<LastName>Germane</LastName>
		<Email>imperdiet.ullamcorper@ut.edu</Email>
		<Department>Tortor LLC</Department>
		<Address>P.O. Box 678, 5205 Sit Rd.</Address>
	</Employee>
	<Employee>
		<FirstName>Beau</FirstName>
		<LastName>Nina</LastName>
		<Email>odio@velarcu.org</Email>
		<Department>Sem Pellentesque Ut Institute</Department>
		<Address>151-9428 A St.</Address>
	</Employee>
	<Employee>
		<FirstName>Phillip</FirstName>
		<LastName>Sopoline</LastName>
		<Email>Phasellus.elit@ligula.co.uk</Email>
		<Department>Facilisis Magna Tellus Incorporated</Department>
		<Address>P.O. Box 238, 4361 Sociis Avenue</Address>
	</Employee>
	<Employee>
		<FirstName>Akeem</FirstName>
		<LastName>Rigel</LastName>
		<Email>magna.Duis.dignissim@euismodurna.ca</Email>
		<Department>Sem Elit Associates</Department>
		<Address>1896 A Rd.</Address>
	</Employee>
	<Employee>
		<FirstName>Chelsea</FirstName>
		<LastName>Mason</LastName>
		<Email>Nunc.lectus@luctuset.org</Email>
		<Department>Primis In Limited</Department>
		<Address>P.O. Box 170, 1410 Aliquam Street</Address>
	</Employee>
	<Employee>
		<FirstName>Melinda</FirstName>
		<LastName>Madeline</LastName>
		<Email>imperdiet.dictum.magna@et.net</Email>
		<Department>Maecenas LLC</Department>
		<Address>P.O. Box 134, 7173 Donec Rd.</Address>
	</Employee>
	<Employee>
		<FirstName>Branden</FirstName>
		<LastName>Zena</LastName>
		<Email>Vestibulum.accumsan.neque@lectusrutrum.co.uk</Email>
		<Department>Lorem Ipsum Sodales LLP</Department>
		<Address>Ap #230-8878 Quis Rd.</Address>
	</Employee>
	<Employee>
		<FirstName>Virginia</FirstName>
		<LastName>Daquan</LastName>
		<Email>mauris.erat@laoreetliberoet.org</Email>
		<Department>Arcu Et Pede LLP</Department>
		<Address>P.O. Box 444, 8736 Sapien St.</Address>
	</Employee>
	<Employee>
		<FirstName>Nicholas</FirstName>
		<LastName>Colton</LastName>
		<Email>Etiam@acmetusvitae.co.uk</Email>
		<Department>Laoreet Ipsum PC</Department>
		<Address>7326 Quisque St.</Address>
	</Employee>
	<Employee>
		<FirstName>Randall</FirstName>
		<LastName>Amelia</LastName>
		<Email>odio@ProinultricesDuis.net</Email>
		<Department>Tristique Ac Eleifend Institute</Department>
		<Address>6145 Id, Rd.</Address>
	</Employee>
	<Employee>
		<FirstName>Haley</FirstName>
		<LastName>Jael</LastName>
		<Email>lacinia@tempus.net</Email>
		<Department>Duis LLP</Department>
		<Address>Ap #358-1343 Eget Rd.</Address>
	</Employee>
	<Employee>
		<FirstName>Ginger</FirstName>
		<LastName>Rachel</LastName>
		<Email>lacinia.orci.consectetuer@egetvarius.net</Email>
		<Department>Enim Mauris Quis PC</Department>
		<Address>679-5831 Purus, St.</Address>
	</Employee>
	<Employee>
		<FirstName>Raymond</FirstName>
		<LastName>Sierra</LastName>
		<Email>tincidunt@Etiamlaoreetlibero.org</Email>
		<Department>Dolor Fusce Mi Corporation</Department>
		<Address>8939 Ac, Av.</Address>
	</Employee>
	<Employee>
		<FirstName>Laith</FirstName>
		<LastName>Omar</LastName>
		<Email>nisl@Morbiaccumsanlaoreet.com</Email>
		<Department>Aliquam Inc.</Department>
		<Address>988-7970 Consectetuer Rd.</Address>
	</Employee>
	<Employee>
		<FirstName>Jerry</FirstName>
		<LastName>Rooney</LastName>
		<Email>sodales.at@necurna.com</Email>
		<Department>Netus Et Malesuada Associates</Department>
		<Address>P.O. Box 832, 4360 Semper Rd.</Address>
	</Employee>
	<Employee>
		<FirstName>Dexter</FirstName>
		<LastName>Oren</LastName>
		<Email>eros.turpis@variusNam.edu</Email>
		<Department>Sapien Imperdiet Ornare Consulting</Department>
		<Address>P.O. Box 577, 2230 Auctor, Street</Address>
	</Employee>
	<Employee>
		<FirstName>Ursula</FirstName>
		<LastName>Sara</LastName>
		<Email>Nunc.sed.orci@sed.org</Email>
		<Department>Cum Sociis Associates</Department>
		<Address>Ap #736-8913 Pretium St.</Address>
	</Employee>
	<Employee>
		<FirstName>Illana</FirstName>
		<LastName>Hedda</LastName>
		<Email>auctor.nunc@vehicularisusNulla.net</Email>
		<Department>Integer Aliquam Adipiscing LLP</Department>
		<Address>Ap #434-3714 Luctus Av.</Address>
	</Employee>
	<Employee>
		<FirstName>Quyn</FirstName>
		<LastName>Porter</LastName>
		<Email>tortor.Integer@cursuset.co.uk</Email>
		<Department>Odio A Purus Institute</Department>
		<Address>P.O. Box 250, 3969 Lacus. St.</Address>
	</Employee>
	<Employee>
		<FirstName>Katelyn</FirstName>
		<LastName>Aline</LastName>
		<Email>ridiculus.mus.Aenean@auguescelerisque.ca</Email>
		<Department>At Lacus Company</Department>
		<Address>234-8637 Lorem, Rd.</Address>
	</Employee>
	<Employee>
		<FirstName>Griffin</FirstName>
		<LastName>Veda</LastName>
		<Email>luctus@tristique.edu</Email>
		<Department>Lorem Eu Industries</Department>
		<Address>844-9245 Ligula. St.</Address>
	</Employee>
	<Employee>
		<FirstName>Angelica</FirstName>
		<LastName>Joan</LastName>
		<Email>In.ornare.sagittis@loremegetmollis.edu</Email>
		<Department>Duis LLP</Department>
		<Address>1431 Neque Street</Address>
	</Employee>
	<Employee>
		<FirstName>Audra</FirstName>
		<LastName>Aiko</LastName>
		<Email>in.tempus@Crasloremlorem.edu</Email>
		<Department>Ipsum Primis Incorporated</Department>
		<Address>733-2388 Aenean Rd.</Address>
	</Employee>
	<Employee>
		<FirstName>Neve</FirstName>
		<LastName>Nicole</LastName>
		<Email>tempus.eu@penatibuset.ca</Email>
		<Department>Arcu Iaculis Ltd</Department>
		<Address>Ap #477-593 Ullamcorper, Street</Address>
	</Employee>
	<Employee>
		<FirstName>Kennan</FirstName>
		<LastName>Mikayla</LastName>
		<Email>cursus.a.enim@ultricesposuere.org</Email>
		<Department>Eget LLC</Department>
		<Address>8392 Mollis. Rd.</Address>
	</Employee>
	<Employee>
		<FirstName>Mohammad</FirstName>
		<LastName>Burton</LastName>
		<Email>Nunc@consectetuereuismod.ca</Email>
		<Department>Praesent Consulting</Department>
		<Address>1192 Amet Avenue</Address>
	</Employee>
	<Employee>
		<FirstName>Glenna</FirstName>
		<LastName>Britanni</LastName>
		<Email>rhoncus.Proin.nisl@vel.co.uk</Email>
		<Department>Adipiscing Company</Department>
		<Address>198-4379 Accumsan St.</Address>
	</Employee>
	<Employee>
		<FirstName>Ian</FirstName>
		<LastName>Isaac</LastName>
		<Email>luctus.vulputate@non.co.uk</Email>
		<Department>In Sodales Elit Incorporated</Department>
		<Address>7648 Phasellus Rd.</Address>
	</Employee>
	<Employee>
		<FirstName>Aurelia</FirstName>
		<LastName>Armando</LastName>
		<Email>nibh@In.edu</Email>
		<Department>Mi Corporation</Department>
		<Address>185-4803 Magna. Rd.</Address>
	</Employee>
	<Employee>
		<FirstName>Sade</FirstName>
		<LastName>Sopoline</LastName>
		<Email>ullamcorper@erat.ca</Email>
		<Department>Sed Nunc Institute</Department>
		<Address>8632 Curabitur Av.</Address>
	</Employee>
	<Employee>
		<FirstName>Rashad</FirstName>
		<LastName>Neve</LastName>
		<Email>Cras.lorem@Suspendissesagittis.edu</Email>
		<Department>Vel Convallis Ltd</Department>
		<Address>295-6220 Donec Avenue</Address>
	</Employee>
	<Employee>
		<FirstName>Jaime</FirstName>
		<LastName>Whilemina</LastName>
		<Email>ac@Curabitur.edu</Email>
		<Department>Quisque Fringilla Euismod Corporation</Department>
		<Address>6301 Urna. St.</Address>
	</Employee>
	<Employee>
		<FirstName>Ashely</FirstName>
		<LastName>Slade</LastName>
		<Email>Phasellus@liberoMorbi.net</Email>
		<Department>Arcu Morbi Sit Ltd</Department>
		<Address>213-986 Nunc St.</Address>
	</Employee>
	<Employee>
		<FirstName>Eagan</FirstName>
		<LastName>Chava</LastName>
		<Email>nec.euismod.in@lectuspedeet.com</Email>
		<Department>Tristique Ac Eleifend LLC</Department>
		<Address>8899 Rutrum Avenue</Address>
	</Employee>
	<Employee>
		<FirstName>Rajah</FirstName>
		<LastName>Isaiah</LastName>
		<Email>magna@risusDonecnibh.org</Email>
		<Department>Turpis Egestas Aliquam Corporation</Department>
		<Address>P.O. Box 879, 5811 Aliquam St.</Address>
	</Employee>
	<Employee>
		<FirstName>Philip</FirstName>
		<LastName>Murphy</LastName>
		<Email>enim@id.co.uk</Email>
		<Department>Vitae Company</Department>
		<Address>Ap #908-9267 Ligula St.</Address>
	</Employee>
	<Employee>
		<FirstName>Patience</FirstName>
		<LastName>Lilah</LastName>
		<Email>non@sodalesat.net</Email>
		<Department>Cum Sociis Incorporated</Department>
		<Address>394-845 Purus, Rd.</Address>
	</Employee>
	<Employee>
		<FirstName>Emerson</FirstName>
		<LastName>Gil</LastName>
		<Email>Aliquam.adipiscing.lobortis@interdum.co.uk</Email>
		<Department>Iaculis Enim Sit Ltd</Department>
		<Address>482-5238 Magna. Street</Address>
	</Employee>
	<Employee>
		<FirstName>Ezekiel</FirstName>
		<LastName>Keane</LastName>
		<Email>eget.tincidunt.dui@convallisligula.co.uk</Email>
		<Department>Magna Suspendisse Tristique Ltd</Department>
		<Address>3348 Volutpat. Rd.</Address>
	</Employee>
	<Employee>
		<FirstName>Halee</FirstName>
		<LastName>Jarrod</LastName>
		<Email>tellus@pretium.org</Email>
		<Department>Curae; Company</Department>
		<Address>P.O. Box 483, 7995 Nec, St.</Address>
	</Employee>
	<Employee>
		<FirstName>Bree</FirstName>
		<LastName>Ivory</LastName>
		<Email>blandit.at@Morbinonsapien.com</Email>
		<Department>Diam Sed Diam Associates</Department>
		<Address>661-4249 Phasellus Rd.</Address>
	</Employee>
	<Employee>
		<FirstName>Alexis</FirstName>
		<LastName>Elizabeth</LastName>
		<Email>in.lobortis@vitae.edu</Email>
		<Department>Euismod Industries</Department>
		<Address>P.O. Box 336, 4577 Adipiscing St.</Address>
	</Employee>
	<Employee>
		<FirstName>McKenzie</FirstName>
		<LastName>Kieran</LastName>
		<Email>luctus.et.ultrices@Donectemporest.ca</Email>
		<Department>Lectus Consulting</Department>
		<Address>P.O. Box 899, 5926 Pede, Ave</Address>
	</Employee>
	<Employee>
		<FirstName>Fredericka</FirstName>
		<LastName>Galvin</LastName>
		<Email>velit.eget.laoreet@nulla.co.uk</Email>
		<Department>Dolor Company</Department>
		<Address>Ap #460-5142 Cursus Rd.</Address>
	</Employee>
	<Employee>
		<FirstName>Yeo</FirstName>
		<LastName>Aquila</LastName>
		<Email>lobortis.nisi.nibh@non.edu</Email>
		<Department>Fringilla Purus Mauris PC</Department>
		<Address>Ap #943-6886 Augue, Avenue</Address>
	</Employee>
	<Employee>
		<FirstName>Odysseus</FirstName>
		<LastName>Melinda</LastName>
		<Email>et.lacinia.vitae@orci.ca</Email>
		<Department>Augue Company</Department>
		<Address>Ap #806-3266 Ultricies Rd.</Address>
	</Employee>
	<Employee>
		<FirstName>Ciara</FirstName>
		<LastName>Joshua</LastName>
		<Email>fringilla.euismod@pretium.edu</Email>
		<Department>Nulla Semper Tellus Ltd</Department>
		<Address>7693 Donec Road</Address>
	</Employee>
	<Employee>
		<FirstName>Ciara</FirstName>
		<LastName>Juliet</LastName>
		<Email>Duis@erosturpisnon.co.uk</Email>
		<Department>Aliquam Nec Associates</Department>
		<Address>Ap #337-1333 Augue Rd.</Address>
	</Employee>
	<Employee>
		<FirstName>Breanna</FirstName>
		<LastName>Benjamin</LastName>
		<Email>lobortis.risus@orci.co.uk</Email>
		<Department>Etiam Corp.</Department>
		<Address>P.O. Box 331, 7975 Vitae Avenue</Address>
	</Employee>
	<Employee>
		<FirstName>Jin</FirstName>
		<LastName>Bertha</LastName>
		<Email>natoque@orci.org</Email>
		<Department>Convallis Est Vitae PC</Department>
		<Address>Ap #320-8822 Nunc Rd.</Address>
	</Employee>
	<Employee>
		<FirstName>Mark</FirstName>
		<LastName>Baker</LastName>
		<Email>scelerisque.dui@lacusQuisquepurus.edu</Email>
		<Department>Tristique Senectus Incorporated</Department>
		<Address>P.O. Box 165, 2558 Interdum. Avenue</Address>
	</Employee>
	<Employee>
		<FirstName>Malcolm</FirstName>
		<LastName>Addison</LastName>
		<Email>vitae.erat.Vivamus@nec.ca</Email>
		<Department>Ligula Foundation</Department>
		<Address>6038 Orci St.</Address>
	</Employee>
	<Employee>
		<FirstName>Colt</FirstName>
		<LastName>Kasper</LastName>
		<Email>velit.eget@pellentesquemassa.com</Email>
		<Department>Sapien Aenean Massa Associates</Department>
		<Address>622-7622 Donec Avenue</Address>
	</Employee>
	<Employee>
		<FirstName>Nichole</FirstName>
		<LastName>Sopoline</LastName>
		<Email>arcu@placerat.org</Email>
		<Department>Sed Consulting</Department>
		<Address>Ap #495-4264 Ut Rd.</Address>
	</Employee>
	<Employee>
		<FirstName>Edan</FirstName>
		<LastName>Hamilton</LastName>
		<Email>enim.Etiam@ultriciesdignissimlacus.com</Email>
		<Department>In Scelerisque Incorporated</Department>
		<Address>220-4382 Primis Road</Address>
	</Employee>
	<Employee>
		<FirstName>Demetrius</FirstName>
		<LastName>Perry</LastName>
		<Email>luctus@vulputaterisus.org</Email>
		<Department>Dignissim Lacus Corporation</Department>
		<Address>4134 In, Street</Address>
	</Employee>
	<Employee>
		<FirstName>Hunter</FirstName>
		<LastName>Iola</LastName>
		<Email>Quisque.imperdiet.erat@CuraeDonec.ca</Email>
		<Department>Donec Elementum Lorem LLC</Department>
		<Address>8303 Fringilla Av.</Address>
	</Employee>
	<Employee>
		<FirstName>Kylie</FirstName>
		<LastName>Emmanuel</LastName>
		<Email>dolor.sit.amet@velitPellentesqueultricies.com</Email>
		<Department>Cras Eget Nisi Foundation</Department>
		<Address>Ap #877-3014 Facilisis Rd.</Address>
	</Employee>
	<Employee>
		<FirstName>Warren</FirstName>
		<LastName>Megan</LastName>
		<Email>ligula.tortor.dictum@nonvestibulum.co.uk</Email>
		<Department>Lobortis Consulting</Department>
		<Address>306-6008 Donec Ave</Address>
	</Employee>
	<Employee>
		<FirstName>Sydnee</FirstName>
		<LastName>Imogene</LastName>
		<Email>fermentum@adipiscingelit.com</Email>
		<Department>Lacinia Sed Congue PC</Department>
		<Address>Ap #883-4496 At Street</Address>
	</Employee>
	<Employee>
		<FirstName>Buffy</FirstName>
		<LastName>Brandon</LastName>
		<Email>dui.lectus.rutrum@Loremipsumdolor.net</Email>
		<Department>Eleifend Vitae Industries</Department>
		<Address>2123 Gravida Street</Address>
	</Employee>
	<Employee>
		<FirstName>Avram</FirstName>
		<LastName>Mason</LastName>
		<Email>non@fermentum.net</Email>
		<Department>Hendrerit Foundation</Department>
		<Address>P.O. Box 812, 9457 Laoreet Road</Address>
	</Employee>
	<Employee>
		<FirstName>Jackson</FirstName>
		<LastName>Kathleen</LastName>
		<Email>Quisque.nonummy.ipsum@variuset.com</Email>
		<Department>Metus Corporation</Department>
		<Address>902-5758 Facilisis. Rd.</Address>
	</Employee>
	<Employee>
		<FirstName>Amanda</FirstName>
		<LastName>Xyla</LastName>
		<Email>consequat.enim@mauris.com</Email>
		<Department>Pellentesque Foundation</Department>
		<Address>Ap #235-5244 Dictum Av.</Address>
	</Employee>
	<Employee>
		<FirstName>Macey</FirstName>
		<LastName>Phoebe</LastName>
		<Email>ullamcorper@imperdiet.org</Email>
		<Department>Libero Donec Consectetuer Institute</Department>
		<Address>Ap #575-3208 Urna, Avenue</Address>
	</Employee>
	<Employee>
		<FirstName>Julie</FirstName>
		<LastName>Armand</LastName>
		<Email>diam.nunc.ullamcorper@odiovelest.co.uk</Email>
		<Department>Odio Institute</Department>
		<Address>384-5847 Nec Ave</Address>
	</Employee>
	<Employee>
		<FirstName>Maite</FirstName>
		<LastName>Gwendolyn</LastName>
		<Email>auctor.ullamcorper.nisl@erateget.co.uk</Email>
		<Department>Non Limited</Department>
		<Address>228-7068 Iaculis Av.</Address>
	</Employee>
	<Employee>
		<FirstName>Leilani</FirstName>
		<LastName>Dorothy</LastName>
		<Email>Aliquam.ornare@consectetueradipiscing.com</Email>
		<Department>Nunc Mauris Institute</Department>
		<Address>Ap #243-2774 In St.</Address>
	</Employee>
	<Employee>
		<FirstName>Lani</FirstName>
		<LastName>Carol</LastName>
		<Email>Praesent.eu.dui@et.co.uk</Email>
		<Department>Aliquam Rutrum Associates</Department>
		<Address>P.O. Box 258, 244 Nunc. St.</Address>
	</Employee>
	<Employee>
		<FirstName>Astra</FirstName>
		<LastName>Reuben</LastName>
		<Email>ornare@rutrum.org</Email>
		<Department>In Tempus Industries</Department>
		<Address>Ap #924-3119 Luctus St.</Address>
	</Employee>
	<Employee>
		<FirstName>Neville</FirstName>
		<LastName>Audra</LastName>
		<Email>lacus.Nulla@facilisi.ca</Email>
		<Department>Enim Consequat Purus Foundation</Department>
		<Address>Ap #435-4324 Elit, Ave</Address>
	</Employee>
	<Employee>
		<FirstName>Kamal</FirstName>
		<LastName>Iliana</LastName>
		<Email>Duis.gravida.Praesent@arcu.ca</Email>
		<Department>Ac Arcu Institute</Department>
		<Address>680-5535 Sapien, Rd.</Address>
	</Employee>
	<Employee>
		<FirstName>Diana</FirstName>
		<LastName>Flynn</LastName>
		<Email>Quisque.nonummy@nequenonquam.net</Email>
		<Department>Phasellus LLP</Department>
		<Address>P.O. Box 813, 466 At, Street</Address>
	</Employee>
	<Employee>
		<FirstName>Candace</FirstName>
		<LastName>Summer</LastName>
		<Email>et.rutrum@mauris.ca</Email>
		<Department>Commodo Auctor Associates</Department>
		<Address>483-5080 Viverra. Avenue</Address>
	</Employee>
	<Employee>
		<FirstName>Vladimir</FirstName>
		<LastName>Clinton</LastName>
		<Email>convallis.in@Sedpharetrafelis.ca</Email>
		<Department>Nam Porttitor Consulting</Department>
		<Address>613-5762 Tempus Rd.</Address>
	</Employee>
	<Employee>
		<FirstName>Keefe</FirstName>
		<LastName>Alexandra</LastName>
		<Email>at.lacus.Quisque@mitemporlorem.ca</Email>
		<Department>Iaculis LLC</Department>
		<Address>P.O. Box 915, 5396 Feugiat. Avenue</Address>
	</Employee>
	<Employee>
		<FirstName>Jordan</FirstName>
		<LastName>James</LastName>
		<Email>Cras@tortorInteger.com</Email>
		<Department>Pellentesque Company</Department>
		<Address>Ap #278-5054 Quam Av.</Address>
	</Employee>
	<Employee>
		<FirstName>Kirk</FirstName>
		<LastName>Alea</LastName>
		<Email>vitae.erat.vel@mitemporlorem.co.uk</Email>
		<Department>Sem Nulla Foundation</Department>
		<Address>603-7383 Aenean St.</Address>
	</Employee>
	<Employee>
		<FirstName>Emily</FirstName>
		<LastName>Shay</LastName>
		<Email>sed.orci.lobortis@aliquam.edu</Email>
		<Department>Bibendum Ullamcorper Corp.</Department>
		<Address>931 Tempus Street</Address>
	</Employee>
	<Employee>
		<FirstName>Emily</FirstName>
		<LastName>Nicole</LastName>
		<Email>risus.Quisque@leo.ca</Email>
		<Department>Et Ultrices Posuere Ltd</Department>
		<Address>165-2532 Etiam Av.</Address>
	</Employee>
	<Employee>
		<FirstName>Margaret</FirstName>
		<LastName>Aline</LastName>
		<Email>Nunc.pulvinar@Utsagittislobortis.edu</Email>
		<Department>Proin Vel Company</Department>
		<Address>4795 Turpis. Rd.</Address>
	</Employee>
	<Employee>
		<FirstName>Nyssa</FirstName>
		<LastName>Doris</LastName>
		<Email>dui@Donec.co.uk</Email>
		<Department>Sed LLP</Department>
		<Address>Ap #541-2080 Lacus Avenue</Address>
	</Employee>
	<Employee>
		<FirstName>Alfreda</FirstName>
		<LastName>Denise</LastName>
		<Email>egestas@mattisornarelectus.co.uk</Email>
		<Department>Lectus Pede Limited</Department>
		<Address>129-728 Eget, Road</Address>
	</Employee>
	<Employee>
		<FirstName>Ira</FirstName>
		<LastName>Leigh</LastName>
		<Email>feugiat.placerat.velit@tempus.org</Email>
		<Department>Metus Ltd</Department>
		<Address>2150 Metus. St.</Address>
	</Employee>
	<Employee>
		<FirstName>Victoria</FirstName>
		<LastName>Avram</LastName>
		<Email>molestie.tellus.Aenean@liberoProin.org</Email>
		<Department>Rutrum Magna Cras Incorporated</Department>
		<Address>P.O. Box 694, 380 At, Av.</Address>
	</Employee>
	<Employee>
		<FirstName>Lila</FirstName>
		<LastName>Clarke</LastName>
		<Email>lobortis.risus.In@acturpisegestas.com</Email>
		<Department>Magnis Dis Parturient LLP</Department>
		<Address>273-4330 Non, Road</Address>
	</Employee>
</Employees>
