<?xml version="1.0" encoding="UTF-8" ?><Employees>
	<Employee>
		<FirstName>Chaney</FirstName>
		<LastName>Candace</LastName>
		<Email>Phasellus.elit@odio.co.uk</Email>
		<Department>Tincidunt Adipiscing LLC</Department>
		<Address>P.O. Box 984, 8283 Elementum Road</Address>
	</Employee>
	<Employee>
		<FirstName>Fulton</FirstName>
		<LastName>Josephine</LastName>
		<Email>quis@auctorvelit.co.uk</Email>
		<Department>Faucibus Inc.</Department>
		<Address>P.O. Box 925, 8914 Dictum St.</Address>
	</Employee>
	<Employee>
		<FirstName>Candace</FirstName>
		<LastName>Rama</LastName>
		<Email>lacinia@at.co.uk</Email>
		<Department>Augue Eu Industries</Department>
		<Address>129-5138 Quis Ave</Address>
	</Employee>
	<Employee>
		<FirstName>September</FirstName>
		<LastName>Gregory</LastName>
		<Email>pede.nonummy.ut@malesuadafamesac.co.uk</Email>
		<Department>Tincidunt Tempus Risus Industries</Department>
		<Address>Ap #362-8426 Nonummy. Avenue</Address>
	</Employee>
	<Employee>
		<FirstName>Devin</FirstName>
		<LastName>Sacha</LastName>
		<Email>vitae.risus.Duis@rhoncusDonecest.net</Email>
		<Department>Quam A Ltd</Department>
		<Address>580-4320 Hendrerit Avenue</Address>
	</Employee>
	<Employee>
		<FirstName>Pandora</FirstName>
		<LastName>Fuller</LastName>
		<Email>lacus.Aliquam@magnis.ca</Email>
		<Department>Justo Sit Ltd</Department>
		<Address>P.O. Box 226, 3569 Massa. Street</Address>
	</Employee>
	<Employee>
		<FirstName>Ferris</FirstName>
		<LastName>Yvonne</LastName>
		<Email>mauris.a@nibh.net</Email>
		<Department>Maecenas Mi Felis Foundation</Department>
		<Address>P.O. Box 115, 5717 Mauris Street</Address>
	</Employee>
	<Employee>
		<FirstName>Harper</FirstName>
		<LastName>Grant</LastName>
		<Email>Cras.eu.tellus@mauris.net</Email>
		<Department>Egestas LLP</Department>
		<Address>Ap #378-8607 Massa. St.</Address>
	</Employee>
	<Employee>
		<FirstName>Mariam</FirstName>
		<LastName>Carl</LastName>
		<Email>mauris.Morbi.non@arcu.edu</Email>
		<Department>Urna PC</Department>
		<Address>5503 Proin Av.</Address>
	</Employee>
	<Employee>
		<FirstName>Aphrodite</FirstName>
		<LastName>Nehru</LastName>
		<Email>elit.a.feugiat@atrisusNunc.co.uk</Email>
		<Department>Odio Vel Ltd</Department>
		<Address>503-304 Dapibus Av.</Address>
	</Employee>
	<Employee>
		<FirstName>Stacey</FirstName>
		<LastName>Lee</LastName>
		<Email>auctor.nunc.nulla@dolor.ca</Email>
		<Department>Nunc Sollicitudin Commodo Consulting</Department>
		<Address>160-1121 Integer St.</Address>
	</Employee>
	<Employee>
		<FirstName>Kaseem</FirstName>
		<LastName>Elvis</LastName>
		<Email>lacinia@sitametdiam.co.uk</Email>
		<Department>Penatibus Et Limited</Department>
		<Address>Ap #274-6020 Lacus. St.</Address>
	</Employee>
	<Employee>
		<FirstName>Urielle</FirstName>
		<LastName>Heather</LastName>
		<Email>nostra.per.inceptos@a.net</Email>
		<Department>Sem Magna Ltd</Department>
		<Address>P.O. Box 475, 9244 Vitae Ave</Address>
	</Employee>
	<Employee>
		<FirstName>Avram</FirstName>
		<LastName>Dara</LastName>
		<Email>lacinia@est.net</Email>
		<Department>Nibh PC</Department>
		<Address>1410 Morbi Avenue</Address>
	</Employee>
	<Employee>
		<FirstName>Drake</FirstName>
		<LastName>Gray</LastName>
		<Email>nec.urna.suscipit@Integervitae.edu</Email>
		<Department>Id LLP</Department>
		<Address>Ap #375-7899 Augue, Ave</Address>
	</Employee>
	<Employee>
		<FirstName>Cally</FirstName>
		<LastName>Lee</LastName>
		<Email>non.ante.bibendum@convallisincursus.ca</Email>
		<Department>Dictum Placerat Augue Limited</Department>
		<Address>189-5398 In Rd.</Address>
	</Employee>
	<Employee>
		<FirstName>Aileen</FirstName>
		<LastName>Burton</LastName>
		<Email>fermentum.risus.at@tinciduntnequevitae.ca</Email>
		<Department>Lacus Quisque Imperdiet Incorporated</Department>
		<Address>523-3272 Auctor. Road</Address>
	</Employee>
	<Employee>
		<FirstName>Travis</FirstName>
		<LastName>Amity</LastName>
		<Email>tortor.nibh@Sedetlibero.co.uk</Email>
		<Department>Ultricies Incorporated</Department>
		<Address>P.O. Box 179, 5299 Phasellus Rd.</Address>
	</Employee>
	<Employee>
		<FirstName>Hanae</FirstName>
		<LastName>Winifred</LastName>
		<Email>orci@Aliquamrutrumlorem.com</Email>
		<Department>Augue Industries</Department>
		<Address>P.O. Box 490, 1715 Curabitur St.</Address>
	</Employee>
	<Employee>
		<FirstName>Avram</FirstName>
		<LastName>Reuben</LastName>
		<Email>sagittis.Nullam.vitae@eu.org</Email>
		<Department>Turpis LLP</Department>
		<Address>898-454 Eu Av.</Address>
	</Employee>
	<Employee>
		<FirstName>Colorado</FirstName>
		<LastName>Portia</LastName>
		<Email>risus.Nulla.eget@sempertellus.com</Email>
		<Department>Tincidunt Limited</Department>
		<Address>212-9129 Dui St.</Address>
	</Employee>
	<Employee>
		<FirstName>Erasmus</FirstName>
		<LastName>Lael</LastName>
		<Email>Donec@nonummyultriciesornare.ca</Email>
		<Department>Eu Nibh Vulputate Inc.</Department>
		<Address>2562 Massa. Street</Address>
	</Employee>
	<Employee>
		<FirstName>Jenette</FirstName>
		<LastName>Maxwell</LastName>
		<Email>non@mollisDuis.ca</Email>
		<Department>Elementum At Egestas Foundation</Department>
		<Address>613-5258 Gravida St.</Address>
	</Employee>
	<Employee>
		<FirstName>Yoshi</FirstName>
		<LastName>Halla</LastName>
		<Email>facilisis.Suspendisse@ametluctusvulputate.org</Email>
		<Department>Quis Massa LLC</Department>
		<Address>1964 Habitant Street</Address>
	</Employee>
	<Employee>
		<FirstName>Sylvia</FirstName>
		<LastName>Valentine</LastName>
		<Email>lacinia.Sed.congue@insodaleselit.net</Email>
		<Department>In Ornare Sagittis LLC</Department>
		<Address>P.O. Box 550, 1208 Enim Road</Address>
	</Employee>
	<Employee>
		<FirstName>Edan</FirstName>
		<LastName>Velma</LastName>
		<Email>Aliquam.nec@eueuismodac.net</Email>
		<Department>Luctus Ipsum PC</Department>
		<Address>Ap #902-9078 Iaculis Rd.</Address>
	</Employee>
	<Employee>
		<FirstName>Talon</FirstName>
		<LastName>Breanna</LastName>
		<Email>est@pede.edu</Email>
		<Department>Fermentum Vel Mauris Industries</Department>
		<Address>268-1219 Nunc Av.</Address>
	</Employee>
	<Employee>
		<FirstName>Jessica</FirstName>
		<LastName>Emi</LastName>
		<Email>metus@mattisvelit.ca</Email>
		<Department>Porttitor Interdum Institute</Department>
		<Address>202-836 Molestie St.</Address>
	</Employee>
	<Employee>
		<FirstName>Hunter</FirstName>
		<LastName>Pearl</LastName>
		<Email>elit.pretium.et@Etiamligula.ca</Email>
		<Department>Orci Donec Nibh Corporation</Department>
		<Address>Ap #190-920 Metus. Ave</Address>
	</Employee>
	<Employee>
		<FirstName>Kuame</FirstName>
		<LastName>Vivian</LastName>
		<Email>hendrerit.consectetuer@nisimagna.edu</Email>
		<Department>Eget Massa Suspendisse PC</Department>
		<Address>961-6330 Donec St.</Address>
	</Employee>
	<Employee>
		<FirstName>Hayden</FirstName>
		<LastName>Forrest</LastName>
		<Email>libero@molestieorcitincidunt.org</Email>
		<Department>Hendrerit Neque In Company</Department>
		<Address>833-3093 Eleifend Rd.</Address>
	</Employee>
	<Employee>
		<FirstName>Gabriel</FirstName>
		<LastName>Arsenio</LastName>
		<Email>mauris.ut@loremvehicula.co.uk</Email>
		<Department>Lorem Eu Limited</Department>
		<Address>691-584 Dapibus St.</Address>
	</Employee>
	<Employee>
		<FirstName>Kay</FirstName>
		<LastName>Alyssa</LastName>
		<Email>elementum.sem@dictumcursusNunc.com</Email>
		<Department>Amet Risus Donec Company</Department>
		<Address>P.O. Box 686, 3767 Venenatis Ave</Address>
	</Employee>
	<Employee>
		<FirstName>Urielle</FirstName>
		<LastName>Tobias</LastName>
		<Email>aliquam.arcu.Aliquam@liberomauris.edu</Email>
		<Department>Neque In Associates</Department>
		<Address>926-905 Sed St.</Address>
	</Employee>
	<Employee>
		<FirstName>Zachary</FirstName>
		<LastName>Tarik</LastName>
		<Email>risus.Quisque@duiFuscediam.com</Email>
		<Department>Praesent Eu Nulla LLP</Department>
		<Address>549-2746 Nibh Avenue</Address>
	</Employee>
	<Employee>
		<FirstName>Jermaine</FirstName>
		<LastName>Keaton</LastName>
		<Email>elementum.purus.accumsan@auctorullamcorper.net</Email>
		<Department>Convallis Dolor Quisque Foundation</Department>
		<Address>5132 Vulputate Rd.</Address>
	</Employee>
	<Employee>
		<FirstName>Lillith</FirstName>
		<LastName>Adara</LastName>
		<Email>Donec.fringilla@massaSuspendisseeleifend.com</Email>
		<Department>At Pretium Consulting</Department>
		<Address>525-305 Fusce St.</Address>
	</Employee>
	<Employee>
		<FirstName>Ryder</FirstName>
		<LastName>Rylee</LastName>
		<Email>mollis.Duis@arcu.net</Email>
		<Department>Et Risus Incorporated</Department>
		<Address>Ap #133-9257 Ut Av.</Address>
	</Employee>
	<Employee>
		<FirstName>Kennedy</FirstName>
		<LastName>Julian</LastName>
		<Email>Donec.tempus@Nullatinciduntneque.org</Email>
		<Department>Gravida Praesent Corp.</Department>
		<Address>P.O. Box 340, 7109 Justo St.</Address>
	</Employee>
	<Employee>
		<FirstName>Katell</FirstName>
		<LastName>Chandler</LastName>
		<Email>urna@rutrum.edu</Email>
		<Department>Lorem Foundation</Department>
		<Address>177-1181 Quis Rd.</Address>
	</Employee>
	<Employee>
		<FirstName>Ginger</FirstName>
		<LastName>Rogan</LastName>
		<Email>orci.quis@Nulla.com</Email>
		<Department>Lorem LLP</Department>
		<Address>P.O. Box 899, 8051 Ornare St.</Address>
	</Employee>
	<Employee>
		<FirstName>Melinda</FirstName>
		<LastName>Walter</LastName>
		<Email>porttitor.tellus@Vivamus.net</Email>
		<Department>Orci Sem LLC</Department>
		<Address>Ap #313-861 Natoque Av.</Address>
	</Employee>
	<Employee>
		<FirstName>Carla</FirstName>
		<LastName>Harper</LastName>
		<Email>nec.mauris.blandit@sodalesnisi.com</Email>
		<Department>Nullam Velit Dui Institute</Department>
		<Address>P.O. Box 721, 703 Elementum, Rd.</Address>
	</Employee>
	<Employee>
		<FirstName>Chelsea</FirstName>
		<LastName>Reuben</LastName>
		<Email>imperdiet@nisiMaurisnulla.net</Email>
		<Department>Venenatis LLC</Department>
		<Address>8020 Faucibus Ave</Address>
	</Employee>
	<Employee>
		<FirstName>Silas</FirstName>
		<LastName>Jasmine</LastName>
		<Email>sem.ut.cursus@nuncsit.co.uk</Email>
		<Department>Velit Cras Lorem Ltd</Department>
		<Address>P.O. Box 312, 1849 Ac Avenue</Address>
	</Employee>
	<Employee>
		<FirstName>Martha</FirstName>
		<LastName>Amal</LastName>
		<Email>Pellentesque.tincidunt@ultricesposuerecubilia.edu</Email>
		<Department>Ac Libero Foundation</Department>
		<Address>625-6075 Velit Avenue</Address>
	</Employee>
	<Employee>
		<FirstName>Logan</FirstName>
		<LastName>Tatyana</LastName>
		<Email>rhoncus.Donec@etarcu.org</Email>
		<Department>Aenean Industries</Department>
		<Address>Ap #742-1395 Fermentum Avenue</Address>
	</Employee>
	<Employee>
		<FirstName>Hammett</FirstName>
		<LastName>Desiree</LastName>
		<Email>libero@Nunclectuspede.org</Email>
		<Department>Magna Et Ipsum Limited</Department>
		<Address>1277 Donec Rd.</Address>
	</Employee>
	<Employee>
		<FirstName>Haviva</FirstName>
		<LastName>Kane</LastName>
		<Email>pharetra.nibh@fermentumconvallisligula.net</Email>
		<Department>Integer Vitae PC</Department>
		<Address>545-9389 Orci. Ave</Address>
	</Employee>
	<Employee>
		<FirstName>Fritz</FirstName>
		<LastName>Guinevere</LastName>
		<Email>mollis.vitae.posuere@purusin.ca</Email>
		<Department>In PC</Department>
		<Address>3162 Sagittis Ave</Address>
	</Employee>
	<Employee>
		<FirstName>Elizabeth</FirstName>
		<LastName>Kimberly</LastName>
		<Email>mus@tortorIntegeraliquam.com</Email>
		<Department>Curabitur Ut Inc.</Department>
		<Address>Ap #847-7698 Donec Rd.</Address>
	</Employee>
	<Employee>
		<FirstName>Akeem</FirstName>
		<LastName>Shana</LastName>
		<Email>a@feugiatmetus.net</Email>
		<Department>Tristique Pharetra Quisque PC</Department>
		<Address>Ap #750-917 Malesuada St.</Address>
	</Employee>
	<Employee>
		<FirstName>Petra</FirstName>
		<LastName>Kitra</LastName>
		<Email>felis@utpellentesque.co.uk</Email>
		<Department>Fringilla Cursus Company</Department>
		<Address>P.O. Box 137, 7218 Pellentesque. Street</Address>
	</Employee>
	<Employee>
		<FirstName>Kirby</FirstName>
		<LastName>Lesley</LastName>
		<Email>dictum.magna.Ut@pretiumneque.com</Email>
		<Department>Et Ltd</Department>
		<Address>728-2727 Elit Road</Address>
	</Employee>
	<Employee>
		<FirstName>Mufutau</FirstName>
		<LastName>Naomi</LastName>
		<Email>velit.Sed.malesuada@purus.com</Email>
		<Department>Non Industries</Department>
		<Address>500-547 Dapibus Street</Address>
	</Employee>
	<Employee>
		<FirstName>McKenzie</FirstName>
		<LastName>Martin</LastName>
		<Email>mus.Donec@eudolor.edu</Email>
		<Department>Tincidunt Corporation</Department>
		<Address>181-2207 Fringilla Rd.</Address>
	</Employee>
	<Employee>
		<FirstName>Dana</FirstName>
		<LastName>Hamish</LastName>
		<Email>in@diam.org</Email>
		<Department>Dolor Sit Corp.</Department>
		<Address>Ap #744-8401 Elit. Rd.</Address>
	</Employee>
	<Employee>
		<FirstName>Lane</FirstName>
		<LastName>Brett</LastName>
		<Email>interdum.enim@egestasblanditNam.edu</Email>
		<Department>Ultrices Sit Ltd</Department>
		<Address>P.O. Box 129, 3546 In, Av.</Address>
	</Employee>
	<Employee>
		<FirstName>Sydney</FirstName>
		<LastName>Porter</LastName>
		<Email>Aliquam.auctor.velit@Phasellus.co.uk</Email>
		<Department>Amet Consectetuer Adipiscing Company</Department>
		<Address>P.O. Box 980, 5988 Nunc. St.</Address>
	</Employee>
	<Employee>
		<FirstName>Hu</FirstName>
		<LastName>Daria</LastName>
		<Email>Pellentesque@lectusa.net</Email>
		<Department>Ante Vivamus Non Associates</Department>
		<Address>Ap #217-9174 Ac Road</Address>
	</Employee>
	<Employee>
		<FirstName>Ulric</FirstName>
		<LastName>Dai</LastName>
		<Email>mattis.Cras.eget@convallisest.net</Email>
		<Department>Aliquam LLP</Department>
		<Address>4368 Fusce Street</Address>
	</Employee>
	<Employee>
		<FirstName>Jessica</FirstName>
		<LastName>Sylvester</LastName>
		<Email>tellus.faucibus@Proindolor.co.uk</Email>
		<Department>Et Lacinia LLP</Department>
		<Address>617-6173 Fermentum Street</Address>
	</Employee>
	<Employee>
		<FirstName>Oren</FirstName>
		<LastName>Tashya</LastName>
		<Email>bibendum@amet.net</Email>
		<Department>Mi Corp.</Department>
		<Address>Ap #925-5924 Enim. Av.</Address>
	</Employee>
	<Employee>
		<FirstName>Halla</FirstName>
		<LastName>Jaime</LastName>
		<Email>est.mollis@Nullam.net</Email>
		<Department>Donec Foundation</Department>
		<Address>526-7608 Dictum St.</Address>
	</Employee>
	<Employee>
		<FirstName>Harding</FirstName>
		<LastName>Colt</LastName>
		<Email>metus.Aenean.sed@enim.net</Email>
		<Department>Ligula Aenean Gravida LLC</Department>
		<Address>8910 Gravida. Avenue</Address>
	</Employee>
	<Employee>
		<FirstName>Imogene</FirstName>
		<LastName>Jocelyn</LastName>
		<Email>Integer.vitae@ami.co.uk</Email>
		<Department>Consectetuer Rhoncus Nullam Incorporated</Department>
		<Address>Ap #782-4869 Mi Street</Address>
	</Employee>
	<Employee>
		<FirstName>Clarke</FirstName>
		<LastName>Peter</LastName>
		<Email>Aliquam.erat@Vestibulumut.org</Email>
		<Department>Lacus Consulting</Department>
		<Address>8368 Donec Street</Address>
	</Employee>
	<Employee>
		<FirstName>Norman</FirstName>
		<LastName>Kaden</LastName>
		<Email>Integer@luctusut.org</Email>
		<Department>Sodales Purus In Foundation</Department>
		<Address>Ap #750-165 A Av.</Address>
	</Employee>
	<Employee>
		<FirstName>Tyler</FirstName>
		<LastName>Zenia</LastName>
		<Email>malesuada@eget.edu</Email>
		<Department>Lobortis Risus LLC</Department>
		<Address>P.O. Box 547, 4768 Congue Rd.</Address>
	</Employee>
	<Employee>
		<FirstName>Steel</FirstName>
		<LastName>Anjolie</LastName>
		<Email>erat@Maecenasmi.edu</Email>
		<Department>Vivamus Industries</Department>
		<Address>908-3386 Sed St.</Address>
	</Employee>
	<Employee>
		<FirstName>Cameran</FirstName>
		<LastName>Hyacinth</LastName>
		<Email>ullamcorper@ullamcorper.org</Email>
		<Department>Dui Semper Et Consulting</Department>
		<Address>Ap #750-7457 Eleifend Avenue</Address>
	</Employee>
	<Employee>
		<FirstName>Sara</FirstName>
		<LastName>Octavia</LastName>
		<Email>pede@consectetueradipiscing.com</Email>
		<Department>Magna Nam Ligula Foundation</Department>
		<Address>671-9960 Arcu St.</Address>
	</Employee>
	<Employee>
		<FirstName>Rosalyn</FirstName>
		<LastName>Patricia</LastName>
		<Email>tempus.risus@ipsum.org</Email>
		<Department>Dui Inc.</Department>
		<Address>P.O. Box 998, 5354 Nulla St.</Address>
	</Employee>
	<Employee>
		<FirstName>Chadwick</FirstName>
		<LastName>Deirdre</LastName>
		<Email>a.mi.fringilla@justo.com</Email>
		<Department>Fusce Aliquam Enim Consulting</Department>
		<Address>7751 Libero Rd.</Address>
	</Employee>
	<Employee>
		<FirstName>Jamal</FirstName>
		<LastName>Adrienne</LastName>
		<Email>Nam.consequat.dolor@necluctusfelis.edu</Email>
		<Department>Nulla Vulputate Dui Associates</Department>
		<Address>563-6597 Tincidunt. Rd.</Address>
	</Employee>
	<Employee>
		<FirstName>Bernard</FirstName>
		<LastName>Eric</LastName>
		<Email>ut.ipsum@pretium.com</Email>
		<Department>Vestibulum Massa Rutrum Foundation</Department>
		<Address>417-8030 Ipsum Ave</Address>
	</Employee>
	<Employee>
		<FirstName>Harding</FirstName>
		<LastName>Conan</LastName>
		<Email>mauris.Morbi@Maurisvelturpis.co.uk</Email>
		<Department>Viverra Donec Associates</Department>
		<Address>P.O. Box 471, 1728 Eu Rd.</Address>
	</Employee>
	<Employee>
		<FirstName>Cynthia</FirstName>
		<LastName>Cole</LastName>
		<Email>mi.enim.condimentum@semconsequat.net</Email>
		<Department>Viverra Donec Tempus Company</Department>
		<Address>308-851 Duis Ave</Address>
	</Employee>
	<Employee>
		<FirstName>Ignacia</FirstName>
		<LastName>Nelle</LastName>
		<Email>dapibus.id.blandit@bibendumsedest.ca</Email>
		<Department>Mattis Integer LLP</Department>
		<Address>679-7458 Tellus, Street</Address>
	</Employee>
	<Employee>
		<FirstName>Angelica</FirstName>
		<LastName>Kuame</LastName>
		<Email>lectus.pede@atlibero.ca</Email>
		<Department>Dolor Egestas Rhoncus Inc.</Department>
		<Address>885-9484 Facilisis, Road</Address>
	</Employee>
	<Employee>
		<FirstName>Malachi</FirstName>
		<LastName>Kirk</LastName>
		<Email>a.feugiat.tellus@molestie.co.uk</Email>
		<Department>Nullam Enim Corp.</Department>
		<Address>Ap #214-7100 Neque Street</Address>
	</Employee>
	<Employee>
		<FirstName>Britanni</FirstName>
		<LastName>Naomi</LastName>
		<Email>nec@lectuspedeultrices.net</Email>
		<Department>Amet Risus LLC</Department>
		<Address>P.O. Box 479, 9777 Egestas. Avenue</Address>
	</Employee>
	<Employee>
		<FirstName>Yoko</FirstName>
		<LastName>Savannah</LastName>
		<Email>mauris@enim.net</Email>
		<Department>Massa Incorporated</Department>
		<Address>Ap #815-174 Sollicitudin Road</Address>
	</Employee>
	<Employee>
		<FirstName>Michael</FirstName>
		<LastName>Lucian</LastName>
		<Email>quis.pede@DonecegestasDuis.org</Email>
		<Department>Sem PC</Department>
		<Address>Ap #785-1370 Nam Av.</Address>
	</Employee>
	<Employee>
		<FirstName>Hedley</FirstName>
		<LastName>Hayley</LastName>
		<Email>eget.varius.ultrices@nibh.net</Email>
		<Department>Lorem Semper Corp.</Department>
		<Address>6596 Semper Avenue</Address>
	</Employee>
	<Employee>
		<FirstName>Sasha</FirstName>
		<LastName>Hilda</LastName>
		<Email>lobortis.tellus@Vestibulumanteipsum.org</Email>
		<Department>Lectus Nullam Suscipit Foundation</Department>
		<Address>8492 Nisl. Rd.</Address>
	</Employee>
	<Employee>
		<FirstName>Dillon</FirstName>
		<LastName>Lunea</LastName>
		<Email>lobortis@sagittisplacerat.ca</Email>
		<Department>Suspendisse Non Limited</Department>
		<Address>2355 Auctor. Road</Address>
	</Employee>
	<Employee>
		<FirstName>Brandon</FirstName>
		<LastName>Neville</LastName>
		<Email>mi@tellusimperdietnon.co.uk</Email>
		<Department>Imperdiet Nec Leo Company</Department>
		<Address>511-3626 Aenean Rd.</Address>
	</Employee>
	<Employee>
		<FirstName>Cailin</FirstName>
		<LastName>Dana</LastName>
		<Email>pharetra@magnatellus.edu</Email>
		<Department>Ut Semper Pretium Corporation</Department>
		<Address>P.O. Box 506, 9203 Gravida Road</Address>
	</Employee>
	<Employee>
		<FirstName>Pandora</FirstName>
		<LastName>Stacey</LastName>
		<Email>mi@Aliquam.edu</Email>
		<Department>Fusce Aliquam Enim Company</Department>
		<Address>4307 Tempus Avenue</Address>
	</Employee>
	<Employee>
		<FirstName>Danielle</FirstName>
		<LastName>Kaden</LastName>
		<Email>velit.eu.sem@Loremipsum.ca</Email>
		<Department>Ut Aliquam Iaculis Inc.</Department>
		<Address>820-2615 Neque Road</Address>
	</Employee>
	<Employee>
		<FirstName>Cullen</FirstName>
		<LastName>Chadwick</LastName>
		<Email>nisi.Aenean.eget@lectus.edu</Email>
		<Department>Odio Semper Cursus Industries</Department>
		<Address>960-6973 Auctor. St.</Address>
	</Employee>
	<Employee>
		<FirstName>Ebony</FirstName>
		<LastName>Mona</LastName>
		<Email>ac.eleifend.vitae@dolor.ca</Email>
		<Department>Velit Egestas Company</Department>
		<Address>Ap #809-7409 Rhoncus. Road</Address>
	</Employee>
	<Employee>
		<FirstName>Kenyon</FirstName>
		<LastName>Cameron</LastName>
		<Email>sapien.cursus@temporarcu.edu</Email>
		<Department>Neque Nullam Associates</Department>
		<Address>P.O. Box 499, 3531 Volutpat Road</Address>
	</Employee>
	<Employee>
		<FirstName>Mira</FirstName>
		<LastName>Dante</LastName>
		<Email>sagittis.Nullam.vitae@lacinia.org</Email>
		<Department>Sed Et Libero Incorporated</Department>
		<Address>Ap #931-3763 Mi St.</Address>
	</Employee>
	<Employee>
		<FirstName>Lynn</FirstName>
		<LastName>Kay</LastName>
		<Email>dignissim.Maecenas@est.net</Email>
		<Department>Id Magna Corporation</Department>
		<Address>9212 Integer Rd.</Address>
	</Employee>
	<Employee>
		<FirstName>Brynne</FirstName>
		<LastName>Fatima</LastName>
		<Email>sem.egestas@hendreritid.com</Email>
		<Department>In Felis Nulla PC</Department>
		<Address>3269 Ultrices. Avenue</Address>
	</Employee>
	<Employee>
		<FirstName>Garrett</FirstName>
		<LastName>Kelly</LastName>
		<Email>vehicula@risusDuis.net</Email>
		<Department>Ante Blandit Viverra Limited</Department>
		<Address>7527 Sed St.</Address>
	</Employee>
	<Employee>
		<FirstName>Keiko</FirstName>
		<LastName>Illiana</LastName>
		<Email>ornare.sagittis@loremDonec.co.uk</Email>
		<Department>Semper Company</Department>
		<Address>P.O. Box 980, 1739 Vehicula Rd.</Address>
	</Employee>
	<Employee>
		<FirstName>Emi</FirstName>
		<LastName>Phyllis</LastName>
		<Email>ipsum.primis@aliquetmagna.net</Email>
		<Department>Ligula LLC</Department>
		<Address>2390 Sed St.</Address>
	</Employee>
</Employees>
