<?xml version="1.0" encoding="UTF-8" ?><Employees>
	<Employee>
		<FirstName>Ella</FirstName>
		<LastName>Madonna</LastName>
		<Email>Etiam@adipiscinglobortisrisus.net</Email>
		<Department>Id Incorporated</Department>
		<Address>P.O. Box 277, 745 Molestie Street</Address>
	</Employee>
	<Employee>
		<FirstName>Angelica</FirstName>
		<LastName>Jada</LastName>
		<Email>magna.Cras.convallis@laciniaSed.co.uk</Email>
		<Department>Sit Amet Lorem Institute</Department>
		<Address>7748 Sed Avenue</Address>
	</Employee>
	<Employee>
		<FirstName>Erasmus</FirstName>
		<LastName>Colorado</LastName>
		<Email>gravida.nunc.sed@eget.co.uk</Email>
		<Department>Imperdiet Corporation</Department>
		<Address>3563 Proin St.</Address>
	</Employee>
	<Employee>
		<FirstName>Maggy</FirstName>
		<LastName>Ronan</LastName>
		<Email>hendrerit@mollisduiin.edu</Email>
		<Department>Donec Dignissim Magna Inc.</Department>
		<Address>P.O. Box 300, 1677 Cursus Road</Address>
	</Employee>
	<Employee>
		<FirstName>Brittany</FirstName>
		<LastName>Kibo</LastName>
		<Email>Duis.volutpat@sitametmetus.com</Email>
		<Department>Ipsum Donec Sollicitudin Company</Department>
		<Address>Ap #835-578 Cursus. Av.</Address>
	</Employee>
	<Employee>
		<FirstName>Jordan</FirstName>
		<LastName>Colleen</LastName>
		<Email>Quisque.purus@odioNam.co.uk</Email>
		<Department>Imperdiet PC</Department>
		<Address>P.O. Box 619, 3603 Quis Avenue</Address>
	</Employee>
	<Employee>
		<FirstName>Karly</FirstName>
		<LastName>Stuart</LastName>
		<Email>nec@faucibusleo.ca</Email>
		<Department>Vulputate Dui Consulting</Department>
		<Address>P.O. Box 475, 4322 Ornare Rd.</Address>
	</Employee>
	<Employee>
		<FirstName>Rogan</FirstName>
		<LastName>Fleur</LastName>
		<Email>fringilla.purus.mauris@Donec.com</Email>
		<Department>Non Leo Vivamus Corporation</Department>
		<Address>P.O. Box 960, 8031 At Rd.</Address>
	</Employee>
	<Employee>
		<FirstName>Flavia</FirstName>
		<LastName>Teegan</LastName>
		<Email>sit.amet@sodaleselit.co.uk</Email>
		<Department>Urna Et Institute</Department>
		<Address>394 Euismod Rd.</Address>
	</Employee>
	<Employee>
		<FirstName>Rama</FirstName>
		<LastName>Dane</LastName>
		<Email>in@nibhsitamet.edu</Email>
		<Department>Ac Libero Ltd</Department>
		<Address>595-8592 Vitae Ave</Address>
	</Employee>
	<Employee>
		<FirstName>Madeson</FirstName>
		<LastName>Beau</LastName>
		<Email>orci@eget.com</Email>
		<Department>Ac LLP</Department>
		<Address>P.O. Box 904, 483 Ullamcorper Rd.</Address>
	</Employee>
	<Employee>
		<FirstName>Amy</FirstName>
		<LastName>Sonya</LastName>
		<Email>amet.diam.eu@vehicula.edu</Email>
		<Department>Donec Tempor Ltd</Department>
		<Address>P.O. Box 149, 2820 Dui. Rd.</Address>
	</Employee>
	<Employee>
		<FirstName>Porter</FirstName>
		<LastName>Octavia</LastName>
		<Email>pede@Donecporttitor.com</Email>
		<Department>Orci Luctus Corporation</Department>
		<Address>243-3533 Est. Ave</Address>
	</Employee>
	<Employee>
		<FirstName>Latifah</FirstName>
		<LastName>Solomon</LastName>
		<Email>Proin.non@enimEtiamimperdiet.edu</Email>
		<Department>Arcu Vel LLC</Department>
		<Address>Ap #949-9408 In Rd.</Address>
	</Employee>
	<Employee>
		<FirstName>David</FirstName>
		<LastName>Willow</LastName>
		<Email>mollis@odioEtiamligula.net</Email>
		<Department>Quam Vel Sapien Corp.</Department>
		<Address>Ap #431-5818 Nulla. St.</Address>
	</Employee>
	<Employee>
		<FirstName>Georgia</FirstName>
		<LastName>Cadman</LastName>
		<Email>mauris.a.nunc@Integervulputate.co.uk</Email>
		<Department>Sociis Industries</Department>
		<Address>Ap #837-3976 Massa Av.</Address>
	</Employee>
	<Employee>
		<FirstName>Medge</FirstName>
		<LastName>Peter</LastName>
		<Email>metus.Aliquam.erat@purusMaecenas.ca</Email>
		<Department>Sed Est Foundation</Department>
		<Address>518 Ornare St.</Address>
	</Employee>
	<Employee>
		<FirstName>Claire</FirstName>
		<LastName>Hyacinth</LastName>
		<Email>tincidunt.orci@loremauctor.com</Email>
		<Department>Eu LLC</Department>
		<Address>Ap #724-5934 Sed Rd.</Address>
	</Employee>
	<Employee>
		<FirstName>Nicole</FirstName>
		<LastName>Cooper</LastName>
		<Email>gravida.Aliquam.tincidunt@Phasellusvitaemauris.edu</Email>
		<Department>Pretium Institute</Department>
		<Address>Ap #678-2193 Mollis. St.</Address>
	</Employee>
	<Employee>
		<FirstName>Kirestin</FirstName>
		<LastName>Tana</LastName>
		<Email>Maecenas@vehicula.edu</Email>
		<Department>Tincidunt Neque PC</Department>
		<Address>512-3957 Maecenas Street</Address>
	</Employee>
	<Employee>
		<FirstName>Dominique</FirstName>
		<LastName>Mara</LastName>
		<Email>Cras.eu.tellus@magnaDuisdignissim.ca</Email>
		<Department>Duis At Ltd</Department>
		<Address>Ap #162-5669 Nunc St.</Address>
	</Employee>
	<Employee>
		<FirstName>Rhoda</FirstName>
		<LastName>Charles</LastName>
		<Email>ut@nonnisi.co.uk</Email>
		<Department>Tellus Suspendisse Sed PC</Department>
		<Address>P.O. Box 992, 8886 Ac Av.</Address>
	</Employee>
	<Employee>
		<FirstName>Jin</FirstName>
		<LastName>Cassandra</LastName>
		<Email>non@tempusmauris.ca</Email>
		<Department>Quam Vel Sapien LLP</Department>
		<Address>P.O. Box 559, 5232 Nam Street</Address>
	</Employee>
	<Employee>
		<FirstName>Stacy</FirstName>
		<LastName>Genevieve</LastName>
		<Email>erat.volutpat.Nulla@lobortis.edu</Email>
		<Department>Consectetuer Rhoncus Incorporated</Department>
		<Address>181-758 Nisi Rd.</Address>
	</Employee>
	<Employee>
		<FirstName>Harriet</FirstName>
		<LastName>Uriel</LastName>
		<Email>Praesent@odio.net</Email>
		<Department>Nullam Consulting</Department>
		<Address>P.O. Box 648, 169 A, Avenue</Address>
	</Employee>
	<Employee>
		<FirstName>Xena</FirstName>
		<LastName>Matthew</LastName>
		<Email>bibendum@Donecatarcu.com</Email>
		<Department>Mattis Integer Associates</Department>
		<Address>P.O. Box 686, 9041 Elit, Rd.</Address>
	</Employee>
	<Employee>
		<FirstName>Nomlanga</FirstName>
		<LastName>Amity</LastName>
		<Email>habitant@tellus.com</Email>
		<Department>Orci Ut Inc.</Department>
		<Address>P.O. Box 526, 8797 Nullam Avenue</Address>
	</Employee>
	<Employee>
		<FirstName>Alec</FirstName>
		<LastName>Nell</LastName>
		<Email>in.dolor@adipiscing.ca</Email>
		<Department>Feugiat Sed Inc.</Department>
		<Address>P.O. Box 858, 5991 Tincidunt Street</Address>
	</Employee>
	<Employee>
		<FirstName>Conan</FirstName>
		<LastName>Guy</LastName>
		<Email>Pellentesque.habitant.morbi@Nullamsuscipitest.ca</Email>
		<Department>Arcu Sed Et Corporation</Department>
		<Address>P.O. Box 335, 6659 Diam. Avenue</Address>
	</Employee>
	<Employee>
		<FirstName>Burton</FirstName>
		<LastName>Fuller</LastName>
		<Email>Suspendisse.sagittis.Nullam@quisdiam.net</Email>
		<Department>Et Malesuada Limited</Department>
		<Address>P.O. Box 419, 1383 Vitae Road</Address>
	</Employee>
	<Employee>
		<FirstName>Clark</FirstName>
		<LastName>Brittany</LastName>
		<Email>a.nunc@velit.co.uk</Email>
		<Department>Cursus Et LLP</Department>
		<Address>5698 Accumsan Street</Address>
	</Employee>
	<Employee>
		<FirstName>Ivy</FirstName>
		<LastName>Skyler</LastName>
		<Email>neque@ut.edu</Email>
		<Department>Pellentesque Ltd</Department>
		<Address>P.O. Box 204, 6264 Rutrum Av.</Address>
	</Employee>
	<Employee>
		<FirstName>Stacey</FirstName>
		<LastName>Yen</LastName>
		<Email>risus@sed.edu</Email>
		<Department>Ridiculus Mus Proin LLC</Department>
		<Address>324-6764 Magna. St.</Address>
	</Employee>
	<Employee>
		<FirstName>Bryar</FirstName>
		<LastName>George</LastName>
		<Email>nec@magnis.net</Email>
		<Department>Nisl Industries</Department>
		<Address>5104 Vel Ave</Address>
	</Employee>
	<Employee>
		<FirstName>Cara</FirstName>
		<LastName>Chaney</LastName>
		<Email>nibh.dolor.nonummy@scelerisque.net</Email>
		<Department>Nisl Sem Consequat LLC</Department>
		<Address>181-8315 Pellentesque Av.</Address>
	</Employee>
	<Employee>
		<FirstName>Flavia</FirstName>
		<LastName>Pamela</LastName>
		<Email>senectus.et.netus@semperNam.edu</Email>
		<Department>Massa Consulting</Department>
		<Address>P.O. Box 819, 8175 Dui. St.</Address>
	</Employee>
	<Employee>
		<FirstName>Gray</FirstName>
		<LastName>Tyler</LastName>
		<Email>vitae@aliquetProinvelit.ca</Email>
		<Department>Dictum Mi Consulting</Department>
		<Address>5485 Egestas Rd.</Address>
	</Employee>
	<Employee>
		<FirstName>Noelani</FirstName>
		<LastName>Adrian</LastName>
		<Email>eu@lacusMaurisnon.edu</Email>
		<Department>Nunc Institute</Department>
		<Address>P.O. Box 822, 7346 Libero Ave</Address>
	</Employee>
	<Employee>
		<FirstName>Baker</FirstName>
		<LastName>Boris</LastName>
		<Email>enim.Suspendisse.aliquet@ipsumprimis.net</Email>
		<Department>Mollis Associates</Department>
		<Address>7782 Nonummy Road</Address>
	</Employee>
	<Employee>
		<FirstName>Daquan</FirstName>
		<LastName>Kenneth</LastName>
		<Email>lobortis.nisi@tempor.co.uk</Email>
		<Department>Ridiculus Foundation</Department>
		<Address>P.O. Box 405, 4035 At Road</Address>
	</Employee>
	<Employee>
		<FirstName>Hammett</FirstName>
		<LastName>Aurelia</LastName>
		<Email>metus.In.lorem@cubilia.net</Email>
		<Department>Diam Proin Dolor Incorporated</Department>
		<Address>Ap #365-764 Maecenas Road</Address>
	</Employee>
	<Employee>
		<FirstName>Sydnee</FirstName>
		<LastName>Hillary</LastName>
		<Email>eleifend.egestas.Sed@quisarcu.com</Email>
		<Department>Mauris Blandit Mattis Ltd</Department>
		<Address>P.O. Box 837, 4454 Nec, Rd.</Address>
	</Employee>
	<Employee>
		<FirstName>Rajah</FirstName>
		<LastName>Yolanda</LastName>
		<Email>Nullam.vitae@Incondimentum.co.uk</Email>
		<Department>Eros Nec Limited</Department>
		<Address>917 Amet Ave</Address>
	</Employee>
	<Employee>
		<FirstName>Wyatt</FirstName>
		<LastName>Leo</LastName>
		<Email>non@at.co.uk</Email>
		<Department>Aenean Massa Integer Institute</Department>
		<Address>9310 Id, Rd.</Address>
	</Employee>
	<Employee>
		<FirstName>Odette</FirstName>
		<LastName>Akeem</LastName>
		<Email>Pellentesque.tincidunt@rutrumjusto.net</Email>
		<Department>Interdum Curabitur Limited</Department>
		<Address>936-9025 Dui, Ave</Address>
	</Employee>
	<Employee>
		<FirstName>Ryan</FirstName>
		<LastName>Lucas</LastName>
		<Email>tempor.augue@arcuNuncmauris.net</Email>
		<Department>Interdum LLP</Department>
		<Address>Ap #928-5479 Enim Avenue</Address>
	</Employee>
	<Employee>
		<FirstName>Kelly</FirstName>
		<LastName>Nyssa</LastName>
		<Email>Ut@liberomaurisaliquam.org</Email>
		<Department>Sem Incorporated</Department>
		<Address>8484 Auctor St.</Address>
	</Employee>
	<Employee>
		<FirstName>Maite</FirstName>
		<LastName>Raven</LastName>
		<Email>ac.facilisis.facilisis@tempor.org</Email>
		<Department>Fringilla Euismod Enim Consulting</Department>
		<Address>685-7868 Metus. Avenue</Address>
	</Employee>
	<Employee>
		<FirstName>Chantale</FirstName>
		<LastName>Yardley</LastName>
		<Email>imperdiet@tincidunt.edu</Email>
		<Department>Velit Corp.</Department>
		<Address>Ap #329-8976 A Ave</Address>
	</Employee>
	<Employee>
		<FirstName>MacKenzie</FirstName>
		<LastName>Erica</LastName>
		<Email>elit.a.feugiat@nisi.co.uk</Email>
		<Department>Consequat Enim Diam PC</Department>
		<Address>Ap #518-5810 Eu St.</Address>
	</Employee>
	<Employee>
		<FirstName>Damon</FirstName>
		<LastName>Winter</LastName>
		<Email>arcu@acrisus.edu</Email>
		<Department>Luctus Et Incorporated</Department>
		<Address>562-5096 At St.</Address>
	</Employee>
	<Employee>
		<FirstName>Zena</FirstName>
		<LastName>Freya</LastName>
		<Email>orci.luctus.et@vitae.net</Email>
		<Department>In Molestie LLC</Department>
		<Address>P.O. Box 875, 1665 Curabitur St.</Address>
	</Employee>
	<Employee>
		<FirstName>Julian</FirstName>
		<LastName>Matthew</LastName>
		<Email>et.tristique@sedfacilisisvitae.edu</Email>
		<Department>Augue Corp.</Department>
		<Address>Ap #720-3926 Ornare Rd.</Address>
	</Employee>
	<Employee>
		<FirstName>Carter</FirstName>
		<LastName>Benedict</LastName>
		<Email>metus.vitae.velit@euismod.com</Email>
		<Department>Mollis Vitae Consulting</Department>
		<Address>6934 Ac Ave</Address>
	</Employee>
	<Employee>
		<FirstName>Samantha</FirstName>
		<LastName>Mason</LastName>
		<Email>ut@rhoncusProinnisl.com</Email>
		<Department>Lacus Inc.</Department>
		<Address>625-9949 Nulla. Ave</Address>
	</Employee>
	<Employee>
		<FirstName>Brandon</FirstName>
		<LastName>Sacha</LastName>
		<Email>vel.turpis@orciUt.net</Email>
		<Department>Sem Elit Pharetra Foundation</Department>
		<Address>P.O. Box 541, 4970 Nam Avenue</Address>
	</Employee>
	<Employee>
		<FirstName>Megan</FirstName>
		<LastName>Isabelle</LastName>
		<Email>orci.Phasellus.dapibus@eueratsemper.edu</Email>
		<Department>Dapibus Ligula Corp.</Department>
		<Address>758-921 Nunc. Avenue</Address>
	</Employee>
	<Employee>
		<FirstName>Kirestin</FirstName>
		<LastName>Branden</LastName>
		<Email>hendrerit@Ut.org</Email>
		<Department>Sociosqu Ad Litora Incorporated</Department>
		<Address>230-4548 Quam St.</Address>
	</Employee>
	<Employee>
		<FirstName>Francesca</FirstName>
		<LastName>Raven</LastName>
		<Email>nulla.Integer.vulputate@purus.co.uk</Email>
		<Department>Arcu Limited</Department>
		<Address>839-367 Blandit Rd.</Address>
	</Employee>
	<Employee>
		<FirstName>Veda</FirstName>
		<LastName>Shay</LastName>
		<Email>ligula@aliquetmagnaa.net</Email>
		<Department>Magna Corporation</Department>
		<Address>978-1056 Arcu Avenue</Address>
	</Employee>
	<Employee>
		<FirstName>Amaya</FirstName>
		<LastName>Deacon</LastName>
		<Email>rutrum.urna@Quisque.co.uk</Email>
		<Department>Elit Dictum Company</Department>
		<Address>P.O. Box 518, 3026 Porttitor Rd.</Address>
	</Employee>
	<Employee>
		<FirstName>Laura</FirstName>
		<LastName>Mari</LastName>
		<Email>per.inceptos@eleifendnecmalesuada.org</Email>
		<Department>Ipsum Non Arcu Foundation</Department>
		<Address>679-4078 Ornare Av.</Address>
	</Employee>
	<Employee>
		<FirstName>Carolyn</FirstName>
		<LastName>Hector</LastName>
		<Email>vestibulum.lorem.sit@pedeCumsociis.ca</Email>
		<Department>Porttitor Vulputate Limited</Department>
		<Address>5611 Id Road</Address>
	</Employee>
	<Employee>
		<FirstName>Tana</FirstName>
		<LastName>Vivian</LastName>
		<Email>malesuada.malesuada.Integer@eusem.net</Email>
		<Department>Nulla Institute</Department>
		<Address>Ap #634-9980 Egestas Rd.</Address>
	</Employee>
	<Employee>
		<FirstName>Athena</FirstName>
		<LastName>Kiona</LastName>
		<Email>convallis.est.vitae@euduiCum.co.uk</Email>
		<Department>Suspendisse Eleifend Cras Corporation</Department>
		<Address>P.O. Box 139, 9567 Nec, Ave</Address>
	</Employee>
	<Employee>
		<FirstName>Alden</FirstName>
		<LastName>Octavius</LastName>
		<Email>consectetuer.ipsum.nunc@et.net</Email>
		<Department>Nibh Dolor Consulting</Department>
		<Address>Ap #370-5659 Leo. Rd.</Address>
	</Employee>
	<Employee>
		<FirstName>Felicia</FirstName>
		<LastName>Gisela</LastName>
		<Email>dolor.dolor@nisi.com</Email>
		<Department>Sed Sapien Nunc LLP</Department>
		<Address>Ap #461-9500 Mauris St.</Address>
	</Employee>
	<Employee>
		<FirstName>Zeph</FirstName>
		<LastName>Nina</LastName>
		<Email>egestas@tortor.edu</Email>
		<Department>Auctor Non Foundation</Department>
		<Address>8739 Erat Street</Address>
	</Employee>
	<Employee>
		<FirstName>Shannon</FirstName>
		<LastName>Jessica</LastName>
		<Email>sapien.cursus@congueInscelerisque.org</Email>
		<Department>Natoque Industries</Department>
		<Address>P.O. Box 627, 8544 Ut, Av.</Address>
	</Employee>
	<Employee>
		<FirstName>Phyllis</FirstName>
		<LastName>Joelle</LastName>
		<Email>congue@idmagna.ca</Email>
		<Department>Commodo At Libero Consulting</Department>
		<Address>7585 Facilisis St.</Address>
	</Employee>
	<Employee>
		<FirstName>Griffin</FirstName>
		<LastName>Zoe</LastName>
		<Email>natoque@aliquet.co.uk</Email>
		<Department>Ut Nisi A Associates</Department>
		<Address>Ap #482-4866 Magna Ave</Address>
	</Employee>
	<Employee>
		<FirstName>Dylan</FirstName>
		<LastName>Sara</LastName>
		<Email>ipsum.Curabitur@Donec.ca</Email>
		<Department>Eget Volutpat Associates</Department>
		<Address>951-7687 Duis Road</Address>
	</Employee>
	<Employee>
		<FirstName>Ariel</FirstName>
		<LastName>Aretha</LastName>
		<Email>et.rutrum.non@pedemalesuada.com</Email>
		<Department>Nulla Ante Institute</Department>
		<Address>P.O. Box 123, 6359 Odio St.</Address>
	</Employee>
	<Employee>
		<FirstName>Scott</FirstName>
		<LastName>Rowan</LastName>
		<Email>pede@Fusce.ca</Email>
		<Department>Magnis Dis Parturient LLC</Department>
		<Address>P.O. Box 138, 3833 Sit Av.</Address>
	</Employee>
	<Employee>
		<FirstName>Hyatt</FirstName>
		<LastName>Reagan</LastName>
		<Email>mus.Donec@eu.net</Email>
		<Department>Mollis Nec Cursus Corporation</Department>
		<Address>P.O. Box 316, 1765 Augue. Ave</Address>
	</Employee>
	<Employee>
		<FirstName>Ava</FirstName>
		<LastName>Cameron</LastName>
		<Email>penatibus@hendrerit.net</Email>
		<Department>Rutrum LLC</Department>
		<Address>Ap #898-1749 Vitae Street</Address>
	</Employee>
	<Employee>
		<FirstName>Maggie</FirstName>
		<LastName>Octavius</LastName>
		<Email>mauris.id.sapien@faucibusorciluctus.co.uk</Email>
		<Department>Amet Corp.</Department>
		<Address>500 Vel Road</Address>
	</Employee>
	<Employee>
		<FirstName>Amaya</FirstName>
		<LastName>Melvin</LastName>
		<Email>est.mollis.non@Maurisutquam.co.uk</Email>
		<Department>Donec Egestas Duis Foundation</Department>
		<Address>165-2643 Dictum. Av.</Address>
	</Employee>
	<Employee>
		<FirstName>Mary</FirstName>
		<LastName>Lois</LastName>
		<Email>non@Aliquamauctor.ca</Email>
		<Department>Metus Urna Convallis LLC</Department>
		<Address>P.O. Box 749, 8050 Quisque Av.</Address>
	</Employee>
	<Employee>
		<FirstName>Ella</FirstName>
		<LastName>Fritz</LastName>
		<Email>enim@gravidasitamet.ca</Email>
		<Department>Risus Donec Egestas Associates</Department>
		<Address>P.O. Box 295, 4937 Urna. Street</Address>
	</Employee>
	<Employee>
		<FirstName>Cheyenne</FirstName>
		<LastName>Lance</LastName>
		<Email>enim@euerosNam.com</Email>
		<Department>Fermentum Risus At Consulting</Department>
		<Address>P.O. Box 185, 2585 Neque Avenue</Address>
	</Employee>
	<Employee>
		<FirstName>Regina</FirstName>
		<LastName>Kimberly</LastName>
		<Email>eu.erat.semper@Duisrisusodio.ca</Email>
		<Department>Faucibus PC</Department>
		<Address>P.O. Box 278, 6309 Pede, St.</Address>
	</Employee>
	<Employee>
		<FirstName>Maisie</FirstName>
		<LastName>Odette</LastName>
		<Email>Suspendisse.ac@dolorsit.ca</Email>
		<Department>Volutpat Nulla Foundation</Department>
		<Address>322-3740 Nam Rd.</Address>
	</Employee>
	<Employee>
		<FirstName>Kareem</FirstName>
		<LastName>Chancellor</LastName>
		<Email>dui.nec.tempus@risusat.net</Email>
		<Department>Scelerisque Institute</Department>
		<Address>370-2761 Non Avenue</Address>
	</Employee>
	<Employee>
		<FirstName>Priscilla</FirstName>
		<LastName>Shannon</LastName>
		<Email>velit.eu.sem@ligulaAliquam.ca</Email>
		<Department>Dignissim Tempor Arcu Incorporated</Department>
		<Address>745-7966 Vitae St.</Address>
	</Employee>
	<Employee>
		<FirstName>Kim</FirstName>
		<LastName>Brent</LastName>
		<Email>nec.urna@natoquepenatibuset.co.uk</Email>
		<Department>Est Mollis Inc.</Department>
		<Address>P.O. Box 389, 2820 Mauris Ave</Address>
	</Employee>
	<Employee>
		<FirstName>Allistair</FirstName>
		<LastName>Sierra</LastName>
		<Email>Quisque.imperdiet.erat@lobortis.edu</Email>
		<Department>Neque Tellus Imperdiet Incorporated</Department>
		<Address>7897 Non St.</Address>
	</Employee>
	<Employee>
		<FirstName>Adria</FirstName>
		<LastName>Orson</LastName>
		<Email>ultrices.posuere.cubilia@lobortisquis.org</Email>
		<Department>Ultricies Adipiscing Limited</Department>
		<Address>184-3911 Ultricies Street</Address>
	</Employee>
	<Employee>
		<FirstName>Garrison</FirstName>
		<LastName>Vanna</LastName>
		<Email>mollis.Integer.tincidunt@feugiatmetus.com</Email>
		<Department>Vivamus Molestie Corp.</Department>
		<Address>Ap #986-699 Non, Street</Address>
	</Employee>
	<Employee>
		<FirstName>MacKensie</FirstName>
		<LastName>Shelley</LastName>
		<Email>Suspendisse.non@Loremipsumdolor.ca</Email>
		<Department>Dapibus Ligula Aliquam Foundation</Department>
		<Address>358-2121 Eget, Road</Address>
	</Employee>
	<Employee>
		<FirstName>Tyrone</FirstName>
		<LastName>Avye</LastName>
		<Email>dignissim.lacus.Aliquam@urna.net</Email>
		<Department>Egestas Fusce Foundation</Department>
		<Address>280-2420 Nec Rd.</Address>
	</Employee>
	<Employee>
		<FirstName>Hyacinth</FirstName>
		<LastName>Zephania</LastName>
		<Email>sodales@luctus.net</Email>
		<Department>Phasellus Consulting</Department>
		<Address>871-391 Duis Rd.</Address>
	</Employee>
	<Employee>
		<FirstName>Teagan</FirstName>
		<LastName>Branden</LastName>
		<Email>urna@sem.org</Email>
		<Department>Ullamcorper Viverra LLP</Department>
		<Address>3071 Consectetuer Road</Address>
	</Employee>
	<Employee>
		<FirstName>Jordan</FirstName>
		<LastName>Gemma</LastName>
		<Email>consequat@odioEtiam.org</Email>
		<Department>Tempor Diam Dictum Associates</Department>
		<Address>369-3881 Etiam Street</Address>
	</Employee>
	<Employee>
		<FirstName>Michelle</FirstName>
		<LastName>Logan</LastName>
		<Email>ac.sem.ut@InloremDonec.net</Email>
		<Department>Malesuada Id Erat LLP</Department>
		<Address>P.O. Box 220, 6687 Amet St.</Address>
	</Employee>
	<Employee>
		<FirstName>Sasha</FirstName>
		<LastName>Paloma</LastName>
		<Email>semper@Suspendisse.edu</Email>
		<Department>Egestas Consulting</Department>
		<Address>Ap #146-3060 Interdum. Rd.</Address>
	</Employee>
	<Employee>
		<FirstName>Iona</FirstName>
		<LastName>Magee</LastName>
		<Email>tincidunt.tempus@adipiscing.ca</Email>
		<Department>Nulla Facilisi PC</Department>
		<Address>4561 Sed, Road</Address>
	</Employee>
	<Employee>
		<FirstName>Erich</FirstName>
		<LastName>Bell</LastName>
		<Email>commodo.hendrerit@leo.com</Email>
		<Department>Nullam Suscipit Inc.</Department>
		<Address>Ap #666-8709 Magnis Avenue</Address>
	</Employee>
	<Employee>
		<FirstName>Joy</FirstName>
		<LastName>Dalton</LastName>
		<Email>Sed@augueidante.com</Email>
		<Department>Cubilia Curae; Donec LLC</Department>
		<Address>P.O. Box 502, 2774 Lacus. Av.</Address>
	</Employee>
	<Employee>
		<FirstName>Nerea</FirstName>
		<LastName>Joshua</LastName>
		<Email>vel.mauris.Integer@amifringilla.net</Email>
		<Department>Vel Corp.</Department>
		<Address>5345 A Avenue</Address>
	</Employee>
</Employees>
