<?xml version="1.0" encoding="UTF-8" ?><Employees>
	<Employee>
		<FirstName>Uriah</FirstName>
		<LastName>Shea</LastName>
		<Email>sit@Inscelerisque.ca</Email>
		<Department>Id Nunc Corp.</Department>
		<Address>P.O. Box 111, 4750 At, St.</Address>
	</Employee>
	<Employee>
		<FirstName>Eugenia</FirstName>
		<LastName>Brianna</LastName>
		<Email>sed.leo.Cras@mollis.com</Email>
		<Department>Diam Ltd</Department>
		<Address>409-2340 A, Road</Address>
	</Employee>
	<Employee>
		<FirstName>Orla</FirstName>
		<LastName>Quentin</LastName>
		<Email>fermentum.fermentum@liberoProinsed.net</Email>
		<Department>Morbi Neque Associates</Department>
		<Address>P.O. Box 622, 6573 Porta Avenue</Address>
	</Employee>
	<Employee>
		<FirstName>Alexandra</FirstName>
		<LastName>Maia</LastName>
		<Email>aliquet@Maecenasiaculisaliquet.edu</Email>
		<Department>Massa Rutrum Magna LLP</Department>
		<Address>6246 Elit. Street</Address>
	</Employee>
	<Employee>
		<FirstName>Meghan</FirstName>
		<LastName>Bruce</LastName>
		<Email>Phasellus@miAliquamgravida.org</Email>
		<Department>Nec Urna Suscipit Limited</Department>
		<Address>Ap #528-3806 Nec Ave</Address>
	</Employee>
	<Employee>
		<FirstName>Burton</FirstName>
		<LastName>Hope</LastName>
		<Email>ipsum@anteMaecenas.com</Email>
		<Department>Suscipit PC</Department>
		<Address>Ap #330-3924 Ornare Av.</Address>
	</Employee>
	<Employee>
		<FirstName>Aladdin</FirstName>
		<LastName>Nehru</LastName>
		<Email>amet.metus@ultricies.net</Email>
		<Department>Facilisis Limited</Department>
		<Address>P.O. Box 108, 2863 Mus. St.</Address>
	</Employee>
	<Employee>
		<FirstName>Burton</FirstName>
		<LastName>Hiroko</LastName>
		<Email>Quisque.fringilla.euismod@enimgravidasit.ca</Email>
		<Department>Erat Foundation</Department>
		<Address>Ap #382-7901 Ullamcorper. Road</Address>
	</Employee>
	<Employee>
		<FirstName>Leslie</FirstName>
		<LastName>Octavius</LastName>
		<Email>felis.orci.adipiscing@aauctornon.ca</Email>
		<Department>Arcu Vivamus Corp.</Department>
		<Address>2536 Magna, Ave</Address>
	</Employee>
	<Employee>
		<FirstName>Jaden</FirstName>
		<LastName>Elaine</LastName>
		<Email>non@sitamet.com</Email>
		<Department>Mi Inc.</Department>
		<Address>5268 Pellentesque Street</Address>
	</Employee>
	<Employee>
		<FirstName>Maggie</FirstName>
		<LastName>Garrison</LastName>
		<Email>erat.eget.ipsum@quistristique.com</Email>
		<Department>Nulla Facilisi Sed Corp.</Department>
		<Address>Ap #727-9840 Est St.</Address>
	</Employee>
	<Employee>
		<FirstName>Kato</FirstName>
		<LastName>Cailin</LastName>
		<Email>non.bibendum.sed@Craspellentesque.ca</Email>
		<Department>Ornare Placerat Orci Incorporated</Department>
		<Address>P.O. Box 132, 4457 Pellentesque, Rd.</Address>
	</Employee>
	<Employee>
		<FirstName>Fletcher</FirstName>
		<LastName>Raymond</LastName>
		<Email>mollis.Integer@PhasellusornareFusce.ca</Email>
		<Department>Semper Et Lacinia PC</Department>
		<Address>Ap #911-5123 Auctor Street</Address>
	</Employee>
	<Employee>
		<FirstName>Hunter</FirstName>
		<LastName>Jaime</LastName>
		<Email>Vestibulum@Duisgravida.com</Email>
		<Department>Nisi Cum Sociis Associates</Department>
		<Address>268-1039 Senectus Rd.</Address>
	</Employee>
	<Employee>
		<FirstName>Shaeleigh</FirstName>
		<LastName>Gwendolyn</LastName>
		<Email>metus.facilisis@arcuNuncmauris.co.uk</Email>
		<Department>Aenean Sed Consulting</Department>
		<Address>2513 Vivamus Rd.</Address>
	</Employee>
	<Employee>
		<FirstName>Courtney</FirstName>
		<LastName>Jemima</LastName>
		<Email>scelerisque.mollis@elementumdui.ca</Email>
		<Department>Quis Diam Consulting</Department>
		<Address>6555 Lobortis, Road</Address>
	</Employee>
	<Employee>
		<FirstName>Roth</FirstName>
		<LastName>Remedios</LastName>
		<Email>Proin.dolor@acnullaIn.edu</Email>
		<Department>Velit Justo Associates</Department>
		<Address>Ap #273-6449 Vivamus Rd.</Address>
	</Employee>
	<Employee>
		<FirstName>Reece</FirstName>
		<LastName>Jada</LastName>
		<Email>tortor.at@commodo.co.uk</Email>
		<Department>At Libero Morbi Company</Department>
		<Address>Ap #180-9420 Eu, Street</Address>
	</Employee>
	<Employee>
		<FirstName>Odysseus</FirstName>
		<LastName>Cameron</LastName>
		<Email>et.magna.Praesent@dictumProin.ca</Email>
		<Department>Fusce Mollis Duis Associates</Department>
		<Address>4437 Congue Avenue</Address>
	</Employee>
	<Employee>
		<FirstName>Odysseus</FirstName>
		<LastName>Leroy</LastName>
		<Email>at.egestas.a@dictumcursusNunc.co.uk</Email>
		<Department>Lorem PC</Department>
		<Address>3184 Eros Road</Address>
	</Employee>
	<Employee>
		<FirstName>Noble</FirstName>
		<LastName>Tanisha</LastName>
		<Email>dictum.eleifend@quisarcuvel.net</Email>
		<Department>Ullamcorper Foundation</Department>
		<Address>3104 Euismod Road</Address>
	</Employee>
	<Employee>
		<FirstName>Elton</FirstName>
		<LastName>Rafael</LastName>
		<Email>sed.pede.nec@laciniamattis.co.uk</Email>
		<Department>Eu LLP</Department>
		<Address>485-1741 Euismod Av.</Address>
	</Employee>
	<Employee>
		<FirstName>Hyatt</FirstName>
		<LastName>Graiden</LastName>
		<Email>sit.amet@sitamet.net</Email>
		<Department>Mollis Integer Consulting</Department>
		<Address>624 A, Rd.</Address>
	</Employee>
	<Employee>
		<FirstName>Claire</FirstName>
		<LastName>Eliana</LastName>
		<Email>lorem.sit.amet@Duisdignissim.ca</Email>
		<Department>Odio Nam Ltd</Department>
		<Address>P.O. Box 926, 2508 Feugiat Av.</Address>
	</Employee>
	<Employee>
		<FirstName>Tamara</FirstName>
		<LastName>Harding</LastName>
		<Email>metus.In.lorem@semper.com</Email>
		<Department>Fermentum Fermentum Arcu Inc.</Department>
		<Address>999-3099 A Street</Address>
	</Employee>
	<Employee>
		<FirstName>Halee</FirstName>
		<LastName>Kelly</LastName>
		<Email>placerat.augue@Vestibulumante.org</Email>
		<Department>Gravida Sagittis Duis LLP</Department>
		<Address>P.O. Box 592, 1316 Varius Street</Address>
	</Employee>
	<Employee>
		<FirstName>Robin</FirstName>
		<LastName>Bruno</LastName>
		<Email>varius.Nam@nectempus.net</Email>
		<Department>Purus Foundation</Department>
		<Address>Ap #178-2608 Adipiscing, Rd.</Address>
	</Employee>
	<Employee>
		<FirstName>Cade</FirstName>
		<LastName>Evan</LastName>
		<Email>pharetra@Aliquamgravidamauris.edu</Email>
		<Department>Ultricies Incorporated</Department>
		<Address>7917 Ac Avenue</Address>
	</Employee>
	<Employee>
		<FirstName>Shelley</FirstName>
		<LastName>Merritt</LastName>
		<Email>amet.ornare@bibendumsedest.net</Email>
		<Department>Non Dapibus Institute</Department>
		<Address>Ap #876-2004 Vel Av.</Address>
	</Employee>
	<Employee>
		<FirstName>Gretchen</FirstName>
		<LastName>Allistair</LastName>
		<Email>ullamcorper.Duis.at@gravidanon.org</Email>
		<Department>Dui Institute</Department>
		<Address>874-9448 At Rd.</Address>
	</Employee>
	<Employee>
		<FirstName>Zenaida</FirstName>
		<LastName>Conan</LastName>
		<Email>diam.dictum@ipsumnuncid.com</Email>
		<Department>Est Arcu Consulting</Department>
		<Address>6827 Nec Rd.</Address>
	</Employee>
	<Employee>
		<FirstName>Azalia</FirstName>
		<LastName>Travis</LastName>
		<Email>sit@suscipit.com</Email>
		<Department>Est Inc.</Department>
		<Address>104-7400 Lacinia Street</Address>
	</Employee>
	<Employee>
		<FirstName>Kameko</FirstName>
		<LastName>Isaiah</LastName>
		<Email>lectus.pede@scelerisquemollis.net</Email>
		<Department>Quisque Purus Sapien Limited</Department>
		<Address>Ap #981-3670 Euismod Avenue</Address>
	</Employee>
	<Employee>
		<FirstName>Damon</FirstName>
		<LastName>Igor</LastName>
		<Email>Donec@ridiculus.org</Email>
		<Department>Lectus A Sollicitudin LLP</Department>
		<Address>651-8289 Risus. Rd.</Address>
	</Employee>
	<Employee>
		<FirstName>Aurora</FirstName>
		<LastName>Rhona</LastName>
		<Email>est.mauris@duiaugueeu.net</Email>
		<Department>Nunc Commodo Inc.</Department>
		<Address>P.O. Box 696, 7287 Donec Ave</Address>
	</Employee>
	<Employee>
		<FirstName>Baxter</FirstName>
		<LastName>Jael</LastName>
		<Email>Nullam.nisl.Maecenas@seddictum.ca</Email>
		<Department>Fermentum Fermentum Arcu Corp.</Department>
		<Address>846-8289 Non Rd.</Address>
	</Employee>
	<Employee>
		<FirstName>McKenzie</FirstName>
		<LastName>Jordan</LastName>
		<Email>sed@lacinia.com</Email>
		<Department>Pretium Neque Consulting</Department>
		<Address>5504 Rutrum St.</Address>
	</Employee>
	<Employee>
		<FirstName>McKenzie</FirstName>
		<LastName>Castor</LastName>
		<Email>non.sollicitudin.a@sociisnatoque.edu</Email>
		<Department>Elit LLC</Department>
		<Address>P.O. Box 170, 524 Enim. Road</Address>
	</Employee>
	<Employee>
		<FirstName>Deirdre</FirstName>
		<LastName>McKenzie</LastName>
		<Email>sem.egestas.blandit@interdumenimnon.com</Email>
		<Department>Faucibus Ltd</Department>
		<Address>8722 Sodales Avenue</Address>
	</Employee>
	<Employee>
		<FirstName>Carissa</FirstName>
		<LastName>Sandra</LastName>
		<Email>Aliquam.fringilla@facilisisloremtristique.net</Email>
		<Department>Ut Pellentesque Eget Consulting</Department>
		<Address>657-8021 Enim. Av.</Address>
	</Employee>
	<Employee>
		<FirstName>Desiree</FirstName>
		<LastName>Tasha</LastName>
		<Email>sem.molestie@semper.com</Email>
		<Department>Consectetuer Adipiscing Elit Institute</Department>
		<Address>P.O. Box 980, 6140 Volutpat. Avenue</Address>
	</Employee>
	<Employee>
		<FirstName>Hoyt</FirstName>
		<LastName>Keefe</LastName>
		<Email>conubia@Vestibulumaccumsanneque.net</Email>
		<Department>Sapien Cras PC</Department>
		<Address>483-9164 Luctus Rd.</Address>
	</Employee>
	<Employee>
		<FirstName>Oren</FirstName>
		<LastName>Felix</LastName>
		<Email>ligula.consectetuer@Maecenasornare.ca</Email>
		<Department>Tempus Non Corporation</Department>
		<Address>P.O. Box 939, 7917 Libero. Ave</Address>
	</Employee>
	<Employee>
		<FirstName>Martha</FirstName>
		<LastName>Katelyn</LastName>
		<Email>orci.luctus@tempus.edu</Email>
		<Department>Eget Metus In Associates</Department>
		<Address>687 Diam. Road</Address>
	</Employee>
	<Employee>
		<FirstName>Cassady</FirstName>
		<LastName>Abigail</LastName>
		<Email>semper.dui@velnisl.com</Email>
		<Department>Luctus Corporation</Department>
		<Address>233-3787 Nullam Avenue</Address>
	</Employee>
	<Employee>
		<FirstName>Ann</FirstName>
		<LastName>Oscar</LastName>
		<Email>morbi.tristique@nuncullamcorper.org</Email>
		<Department>Nunc Limited</Department>
		<Address>P.O. Box 950, 2458 Turpis Rd.</Address>
	</Employee>
	<Employee>
		<FirstName>Jolene</FirstName>
		<LastName>Lysandra</LastName>
		<Email>libero.Proin@iaculisodioNam.co.uk</Email>
		<Department>In At Corp.</Department>
		<Address>Ap #110-7129 Commodo Rd.</Address>
	</Employee>
	<Employee>
		<FirstName>Xantha</FirstName>
		<LastName>Nolan</LastName>
		<Email>in.consectetuer.ipsum@semutdolor.org</Email>
		<Department>Enim Suspendisse LLC</Department>
		<Address>P.O. Box 298, 8057 Ridiculus Rd.</Address>
	</Employee>
	<Employee>
		<FirstName>Whilemina</FirstName>
		<LastName>Fatima</LastName>
		<Email>enim@ipsumdolorsit.net</Email>
		<Department>Sem Eget Massa Limited</Department>
		<Address>P.O. Box 757, 9486 Vivamus Av.</Address>
	</Employee>
	<Employee>
		<FirstName>Kyra</FirstName>
		<LastName>Pascale</LastName>
		<Email>lobortis.quis.pede@DonecegestasAliquam.edu</Email>
		<Department>Pharetra Institute</Department>
		<Address>317-4860 Nec Street</Address>
	</Employee>
	<Employee>
		<FirstName>Mechelle</FirstName>
		<LastName>Orli</LastName>
		<Email>ut.aliquam.iaculis@interdum.net</Email>
		<Department>Lectus Pede Ultrices LLC</Department>
		<Address>9882 Lectus Road</Address>
	</Employee>
	<Employee>
		<FirstName>Chadwick</FirstName>
		<LastName>Myles</LastName>
		<Email>Nulla.interdum@libero.ca</Email>
		<Department>Luctus Limited</Department>
		<Address>7210 Massa. Av.</Address>
	</Employee>
	<Employee>
		<FirstName>Cheyenne</FirstName>
		<LastName>Stewart</LastName>
		<Email>libero.dui@maurisblanditmattis.co.uk</Email>
		<Department>Ultrices PC</Department>
		<Address>4505 Nisl Street</Address>
	</Employee>
	<Employee>
		<FirstName>Cathleen</FirstName>
		<LastName>Destiny</LastName>
		<Email>luctus.lobortis@musAeneaneget.ca</Email>
		<Department>Nulla In Tincidunt Consulting</Department>
		<Address>Ap #998-4574 Vel Street</Address>
	</Employee>
	<Employee>
		<FirstName>Chester</FirstName>
		<LastName>Rebekah</LastName>
		<Email>gravida.mauris.ut@ultriciessem.net</Email>
		<Department>Ultrices Iaculis Odio Foundation</Department>
		<Address>1633 Justo St.</Address>
	</Employee>
	<Employee>
		<FirstName>Norman</FirstName>
		<LastName>Lael</LastName>
		<Email>in@ornare.co.uk</Email>
		<Department>Mauris Id Associates</Department>
		<Address>P.O. Box 122, 6945 Amet, Rd.</Address>
	</Employee>
	<Employee>
		<FirstName>Mufutau</FirstName>
		<LastName>Chaney</LastName>
		<Email>mattis.ornare@Maurisnulla.com</Email>
		<Department>Sed Nunc Corp.</Department>
		<Address>153-1786 Nunc Av.</Address>
	</Employee>
	<Employee>
		<FirstName>Leroy</FirstName>
		<LastName>Tate</LastName>
		<Email>erat.volutpat@metuseu.co.uk</Email>
		<Department>At Ltd</Department>
		<Address>8533 Donec Rd.</Address>
	</Employee>
	<Employee>
		<FirstName>Cassidy</FirstName>
		<LastName>Madeline</LastName>
		<Email>risus@luctusCurabitur.net</Email>
		<Department>Ut Ipsum Incorporated</Department>
		<Address>954-953 Montes, St.</Address>
	</Employee>
	<Employee>
		<FirstName>Halla</FirstName>
		<LastName>Adara</LastName>
		<Email>Cras.sed.leo@feugiatLoremipsum.ca</Email>
		<Department>Egestas Incorporated</Department>
		<Address>P.O. Box 171, 8224 Dignissim Av.</Address>
	</Employee>
	<Employee>
		<FirstName>Orli</FirstName>
		<LastName>Asher</LastName>
		<Email>mollis.vitae.posuere@maurissitamet.net</Email>
		<Department>Ullamcorper Eu Company</Department>
		<Address>472-9339 Malesuada Road</Address>
	</Employee>
	<Employee>
		<FirstName>Ashely</FirstName>
		<LastName>Tallulah</LastName>
		<Email>sit.amet@etnuncQuisque.org</Email>
		<Department>Senectus Corp.</Department>
		<Address>P.O. Box 180, 8331 Aliquam St.</Address>
	</Employee>
	<Employee>
		<FirstName>Karleigh</FirstName>
		<LastName>Pearl</LastName>
		<Email>enim.consequat.purus@nulla.ca</Email>
		<Department>Risus Donec Egestas Corporation</Department>
		<Address>Ap #602-7506 In St.</Address>
	</Employee>
	<Employee>
		<FirstName>Idola</FirstName>
		<LastName>Xyla</LastName>
		<Email>vehicula.aliquet.libero@atlibero.co.uk</Email>
		<Department>Faucibus Limited</Department>
		<Address>P.O. Box 262, 405 Lorem Ave</Address>
	</Employee>
	<Employee>
		<FirstName>Kiona</FirstName>
		<LastName>Amethyst</LastName>
		<Email>ullamcorper@magnaDuisdignissim.net</Email>
		<Department>Leo Corp.</Department>
		<Address>8143 Libero Avenue</Address>
	</Employee>
	<Employee>
		<FirstName>Alisa</FirstName>
		<LastName>Hamilton</LastName>
		<Email>adipiscing.Mauris.molestie@ut.ca</Email>
		<Department>Morbi Accumsan Laoreet LLP</Department>
		<Address>1911 Pede, Rd.</Address>
	</Employee>
	<Employee>
		<FirstName>Christine</FirstName>
		<LastName>Xavier</LastName>
		<Email>erat.eget.tincidunt@Aliquamultricesiaculis.ca</Email>
		<Department>Et Inc.</Department>
		<Address>315-5480 Ultrices Rd.</Address>
	</Employee>
	<Employee>
		<FirstName>Lance</FirstName>
		<LastName>Stone</LastName>
		<Email>ante@Sednecmetus.com</Email>
		<Department>Dolor Fusce Feugiat Ltd</Department>
		<Address>P.O. Box 505, 2019 Urna. Rd.</Address>
	</Employee>
	<Employee>
		<FirstName>Alexander</FirstName>
		<LastName>Ocean</LastName>
		<Email>in.tempus@iaculisnec.co.uk</Email>
		<Department>Odio Semper Cursus PC</Department>
		<Address>626-6241 Nunc St.</Address>
	</Employee>
	<Employee>
		<FirstName>Alea</FirstName>
		<LastName>Quail</LastName>
		<Email>nisi.dictum.augue@nulla.org</Email>
		<Department>Ac Metus Limited</Department>
		<Address>716-987 Ac Ave</Address>
	</Employee>
	<Employee>
		<FirstName>Mason</FirstName>
		<LastName>Susan</LastName>
		<Email>et.euismod@natoque.ca</Email>
		<Department>Tellus Foundation</Department>
		<Address>P.O. Box 278, 7747 Aliquam Rd.</Address>
	</Employee>
	<Employee>
		<FirstName>Walker</FirstName>
		<LastName>Lucas</LastName>
		<Email>Nulla@vitae.org</Email>
		<Department>Nunc Lectus Corporation</Department>
		<Address>895-7683 Magna. Street</Address>
	</Employee>
	<Employee>
		<FirstName>Chanda</FirstName>
		<LastName>Tatyana</LastName>
		<Email>magna@ultricies.org</Email>
		<Department>Iaculis Aliquet Diam Ltd</Department>
		<Address>P.O. Box 893, 3051 Pellentesque Ave</Address>
	</Employee>
	<Employee>
		<FirstName>Portia</FirstName>
		<LastName>Barrett</LastName>
		<Email>vehicula.et.rutrum@molestie.org</Email>
		<Department>Pulvinar Arcu Et Corporation</Department>
		<Address>P.O. Box 752, 2295 A St.</Address>
	</Employee>
	<Employee>
		<FirstName>Quinlan</FirstName>
		<LastName>Hamish</LastName>
		<Email>lorem.tristique.aliquet@vitaerisusDuis.com</Email>
		<Department>Parturient Consulting</Department>
		<Address>Ap #252-5263 Et St.</Address>
	</Employee>
	<Employee>
		<FirstName>Abbot</FirstName>
		<LastName>Mariam</LastName>
		<Email>tincidunt.dui@Maecenas.ca</Email>
		<Department>Eros Nec Limited</Department>
		<Address>P.O. Box 492, 9251 Tristique St.</Address>
	</Employee>
	<Employee>
		<FirstName>Matthew</FirstName>
		<LastName>Montana</LastName>
		<Email>aliquet.molestie@estNunclaoreet.org</Email>
		<Department>Diam Vel Ltd</Department>
		<Address>7013 Donec Av.</Address>
	</Employee>
	<Employee>
		<FirstName>Colton</FirstName>
		<LastName>Benjamin</LastName>
		<Email>nulla.magna.malesuada@AliquamnislNulla.co.uk</Email>
		<Department>Curabitur Institute</Department>
		<Address>P.O. Box 881, 8776 Ipsum Ave</Address>
	</Employee>
	<Employee>
		<FirstName>Jaden</FirstName>
		<LastName>Graham</LastName>
		<Email>eu@velnisl.ca</Email>
		<Department>Arcu Incorporated</Department>
		<Address>Ap #632-9673 Auctor St.</Address>
	</Employee>
	<Employee>
		<FirstName>Maite</FirstName>
		<LastName>Ishmael</LastName>
		<Email>arcu.Vestibulum@neque.edu</Email>
		<Department>Vulputate Lacus Foundation</Department>
		<Address>744-5773 Magnis Road</Address>
	</Employee>
	<Employee>
		<FirstName>Lavinia</FirstName>
		<LastName>Lucas</LastName>
		<Email>neque@nullaCras.ca</Email>
		<Department>Et Euismod Et Limited</Department>
		<Address>8489 Vehicula Rd.</Address>
	</Employee>
	<Employee>
		<FirstName>Avram</FirstName>
		<LastName>Martina</LastName>
		<Email>amet.diam@gravida.com</Email>
		<Department>Egestas Sed Ltd</Department>
		<Address>356-9810 Cubilia Ave</Address>
	</Employee>
	<Employee>
		<FirstName>Evangeline</FirstName>
		<LastName>Neve</LastName>
		<Email>ac.urna.Ut@tinciduntadipiscingMauris.ca</Email>
		<Department>Nibh Company</Department>
		<Address>P.O. Box 844, 8522 Risus. Avenue</Address>
	</Employee>
	<Employee>
		<FirstName>Omar</FirstName>
		<LastName>Ignatius</LastName>
		<Email>sem@nuncest.net</Email>
		<Department>Nec Euismod In PC</Department>
		<Address>P.O. Box 821, 3978 Quisque Rd.</Address>
	</Employee>
	<Employee>
		<FirstName>Guy</FirstName>
		<LastName>Lee</LastName>
		<Email>cursus.Integer.mollis@eu.org</Email>
		<Department>Sagittis Company</Department>
		<Address>P.O. Box 865, 2844 Velit. Street</Address>
	</Employee>
	<Employee>
		<FirstName>Ulric</FirstName>
		<LastName>Michael</LastName>
		<Email>sodales.at@Loremipsum.org</Email>
		<Department>Sapien PC</Department>
		<Address>529 Mauris Rd.</Address>
	</Employee>
	<Employee>
		<FirstName>Cameran</FirstName>
		<LastName>Rashad</LastName>
		<Email>Ut.tincidunt.orci@nibhDonec.net</Email>
		<Department>Mollis Nec Corporation</Department>
		<Address>Ap #492-2758 Fusce Rd.</Address>
	</Employee>
	<Employee>
		<FirstName>Joy</FirstName>
		<LastName>Nita</LastName>
		<Email>est@euaccumsansed.org</Email>
		<Department>Enim Gravida Institute</Department>
		<Address>485-8097 Arcu. Av.</Address>
	</Employee>
	<Employee>
		<FirstName>Jerry</FirstName>
		<LastName>Jael</LastName>
		<Email>Cras.vehicula.aliquet@metusfacilisislorem.com</Email>
		<Department>At Corporation</Department>
		<Address>8142 Aliquet. Rd.</Address>
	</Employee>
	<Employee>
		<FirstName>Jenette</FirstName>
		<LastName>Kasper</LastName>
		<Email>sed.turpis@commodo.net</Email>
		<Department>Adipiscing Fringilla Ltd</Department>
		<Address>P.O. Box 290, 3149 Integer Ave</Address>
	</Employee>
	<Employee>
		<FirstName>Breanna</FirstName>
		<LastName>Aladdin</LastName>
		<Email>Integer.sem@ultricesiaculis.ca</Email>
		<Department>Neque Sed Sem Inc.</Department>
		<Address>4598 Massa. Avenue</Address>
	</Employee>
	<Employee>
		<FirstName>Darius</FirstName>
		<LastName>Azalia</LastName>
		<Email>egestas.urna@fringillaDonecfeugiat.net</Email>
		<Department>Magna Malesuada LLP</Department>
		<Address>P.O. Box 275, 244 Eu, Ave</Address>
	</Employee>
	<Employee>
		<FirstName>Kiona</FirstName>
		<LastName>Thaddeus</LastName>
		<Email>nisi.a.odio@aarcu.com</Email>
		<Department>Dignissim Magna Inc.</Department>
		<Address>Ap #418-1297 Etiam Av.</Address>
	</Employee>
	<Employee>
		<FirstName>Molly</FirstName>
		<LastName>Jacob</LastName>
		<Email>mauris.Morbi@Integer.ca</Email>
		<Department>Eleifend Non Dapibus Company</Department>
		<Address>168-4384 Praesent Rd.</Address>
	</Employee>
	<Employee>
		<FirstName>Ginger</FirstName>
		<LastName>Raya</LastName>
		<Email>vulputate.nisi@facilisisSuspendissecommodo.edu</Email>
		<Department>Mauris Magna Duis LLP</Department>
		<Address>186-671 Malesuada Av.</Address>
	</Employee>
	<Employee>
		<FirstName>Abraham</FirstName>
		<LastName>Wesley</LastName>
		<Email>sed.sapien.Nunc@aptenttaciti.co.uk</Email>
		<Department>Malesuada Augue Ltd</Department>
		<Address>Ap #692-5148 Auctor Ave</Address>
	</Employee>
	<Employee>
		<FirstName>Kieran</FirstName>
		<LastName>Faith</LastName>
		<Email>amet.consectetuer.adipiscing@dictumplacerataugue.ca</Email>
		<Department>Faucibus Morbi Vehicula Consulting</Department>
		<Address>Ap #397-7533 Et Av.</Address>
	</Employee>
	<Employee>
		<FirstName>Kellie</FirstName>
		<LastName>Jesse</LastName>
		<Email>sed.consequat@Praesenteudui.edu</Email>
		<Department>Consectetuer Ltd</Department>
		<Address>842-5302 In Avenue</Address>
	</Employee>
	<Employee>
		<FirstName>Lael</FirstName>
		<LastName>Yvette</LastName>
		<Email>convallis.est.vitae@loremDonecelementum.ca</Email>
		<Department>Nec Tempus Mauris Company</Department>
		<Address>P.O. Box 598, 2245 Morbi Street</Address>
	</Employee>
	<Employee>
		<FirstName>Portia</FirstName>
		<LastName>Hoyt</LastName>
		<Email>morbi.tristique@In.org</Email>
		<Department>Nunc Ac Inc.</Department>
		<Address>3076 At Rd.</Address>
	</Employee>
</Employees>
