<?xml version="1.0" encoding="UTF-8" ?><Employees>
	<Employee>
		<FirstName>Garrison</FirstName>
		<LastName>Rhona</LastName>
		<Email>in.hendrerit@sedleo.edu</Email>
		<Department>Amet Massa PC</Department>
		<Address>P.O. Box 829, 9011 Lobortis Ave</Address>
	</Employee>
	<Employee>
		<FirstName>Ignacia</FirstName>
		<LastName>Lane</LastName>
		<Email>velit@porttitorvulputate.com</Email>
		<Department>Ridiculus Mus LLC</Department>
		<Address>7904 Et, Avenue</Address>
	</Employee>
	<Employee>
		<FirstName>Dillon</FirstName>
		<LastName>Hakeem</LastName>
		<Email>libero.at@massaVestibulum.com</Email>
		<Department>Dis Parturient Inc.</Department>
		<Address>Ap #377-2607 Nisi Rd.</Address>
	</Employee>
	<Employee>
		<FirstName>Leonard</FirstName>
		<LastName>Marsden</LastName>
		<Email>posuere@parturient.edu</Email>
		<Department>Risus A PC</Department>
		<Address>Ap #437-1794 Enim St.</Address>
	</Employee>
	<Employee>
		<FirstName>Judah</FirstName>
		<LastName>Marshall</LastName>
		<Email>ac@nullaInteger.net</Email>
		<Department>Sed PC</Department>
		<Address>3960 Mollis Av.</Address>
	</Employee>
	<Employee>
		<FirstName>April</FirstName>
		<LastName>Cain</LastName>
		<Email>eleifend.nec@Cumsociis.edu</Email>
		<Department>Laoreet LLP</Department>
		<Address>P.O. Box 334, 2092 Tempor St.</Address>
	</Employee>
	<Employee>
		<FirstName>Bert</FirstName>
		<LastName>September</LastName>
		<Email>imperdiet.nec@tempusmauriserat.com</Email>
		<Department>Mauris PC</Department>
		<Address>P.O. Box 219, 8710 Ut, Rd.</Address>
	</Employee>
	<Employee>
		<FirstName>Ima</FirstName>
		<LastName>Astra</LastName>
		<Email>tempor.erat.neque@enimconsequatpurus.edu</Email>
		<Department>Donec Industries</Department>
		<Address>120-737 Faucibus Road</Address>
	</Employee>
	<Employee>
		<FirstName>Ira</FirstName>
		<LastName>Lani</LastName>
		<Email>ullamcorper.Duis@euismodetcommodo.co.uk</Email>
		<Department>Urna Et Arcu Incorporated</Department>
		<Address>Ap #616-2405 Justo. Street</Address>
	</Employee>
	<Employee>
		<FirstName>Kenneth</FirstName>
		<LastName>Patrick</LastName>
		<Email>arcu@Nullatinciduntneque.net</Email>
		<Department>Id Limited</Department>
		<Address>4534 Eget, Rd.</Address>
	</Employee>
	<Employee>
		<FirstName>Abbot</FirstName>
		<LastName>Ray</LastName>
		<Email>hendrerit.id.ante@vestibulum.edu</Email>
		<Department>Pede Institute</Department>
		<Address>P.O. Box 449, 7061 Ut Rd.</Address>
	</Employee>
	<Employee>
		<FirstName>Patrick</FirstName>
		<LastName>Tamara</LastName>
		<Email>Morbi.metus.Vivamus@eget.edu</Email>
		<Department>Id Blandit Consulting</Department>
		<Address>Ap #222-876 Diam. Avenue</Address>
	</Employee>
	<Employee>
		<FirstName>Susan</FirstName>
		<LastName>Dieter</LastName>
		<Email>Nunc@Pellentesqueultricies.org</Email>
		<Department>Facilisis Lorem Industries</Department>
		<Address>P.O. Box 536, 1560 Luctus Street</Address>
	</Employee>
	<Employee>
		<FirstName>Wyoming</FirstName>
		<LastName>Austin</LastName>
		<Email>faucibus.Morbi.vehicula@tinciduntaliquam.net</Email>
		<Department>Mollis Foundation</Department>
		<Address>460-5945 Nisl St.</Address>
	</Employee>
	<Employee>
		<FirstName>Mia</FirstName>
		<LastName>Lynn</LastName>
		<Email>dui.quis.accumsan@interdum.com</Email>
		<Department>Ante Company</Department>
		<Address>P.O. Box 946, 2071 At Ave</Address>
	</Employee>
	<Employee>
		<FirstName>Martina</FirstName>
		<LastName>Jacqueline</LastName>
		<Email>in.magna.Phasellus@Cumsociisnatoque.net</Email>
		<Department>Sodales Purus In Foundation</Department>
		<Address>P.O. Box 273, 5107 Vestibulum Rd.</Address>
	</Employee>
	<Employee>
		<FirstName>Yvette</FirstName>
		<LastName>Teegan</LastName>
		<Email>egestas.hendrerit.neque@mauris.edu</Email>
		<Department>Ipsum Dolor Limited</Department>
		<Address>6432 Dolor, Rd.</Address>
	</Employee>
	<Employee>
		<FirstName>Hakeem</FirstName>
		<LastName>Elliott</LastName>
		<Email>risus.Nulla.eget@elementumpurus.net</Email>
		<Department>Pellentesque Habitant Incorporated</Department>
		<Address>Ap #551-3183 Neque Ave</Address>
	</Employee>
	<Employee>
		<FirstName>Hoyt</FirstName>
		<LastName>Kitra</LastName>
		<Email>imperdiet.ornare@Inat.org</Email>
		<Department>Lectus Associates</Department>
		<Address>P.O. Box 123, 7461 Amet Av.</Address>
	</Employee>
	<Employee>
		<FirstName>Cailin</FirstName>
		<LastName>Macy</LastName>
		<Email>ut.pharetra.sed@ut.ca</Email>
		<Department>Arcu Iaculis Ltd</Department>
		<Address>434 Blandit Avenue</Address>
	</Employee>
	<Employee>
		<FirstName>Tyrone</FirstName>
		<LastName>Orli</LastName>
		<Email>accumsan.interdum.libero@faucibusutnulla.net</Email>
		<Department>Nisl Nulla Eu Corporation</Department>
		<Address>3575 Dolor Av.</Address>
	</Employee>
	<Employee>
		<FirstName>Kirestin</FirstName>
		<LastName>Ainsley</LastName>
		<Email>et.malesuada@ultricies.net</Email>
		<Department>Malesuada Consulting</Department>
		<Address>Ap #368-5318 Tincidunt Road</Address>
	</Employee>
	<Employee>
		<FirstName>Fleur</FirstName>
		<LastName>Haviva</LastName>
		<Email>cursus.non@et.edu</Email>
		<Department>Arcu Corporation</Department>
		<Address>4745 Id Rd.</Address>
	</Employee>
	<Employee>
		<FirstName>Vera</FirstName>
		<LastName>Kristen</LastName>
		<Email>laoreet.posuere.enim@atpedeCras.org</Email>
		<Department>Tellus Non Magna Inc.</Department>
		<Address>P.O. Box 501, 7954 Lectus Av.</Address>
	</Employee>
	<Employee>
		<FirstName>MacKenzie</FirstName>
		<LastName>Tatyana</LastName>
		<Email>arcu@auctor.org</Email>
		<Department>Placerat Cras Associates</Department>
		<Address>Ap #997-3926 Amet Av.</Address>
	</Employee>
	<Employee>
		<FirstName>Lara</FirstName>
		<LastName>Ella</LastName>
		<Email>eros.non.enim@Cumsociisnatoque.org</Email>
		<Department>Ligula Tortor Limited</Department>
		<Address>384-4002 Tellus Ave</Address>
	</Employee>
	<Employee>
		<FirstName>Leslie</FirstName>
		<LastName>Shaine</LastName>
		<Email>velit@tellusimperdietnon.net</Email>
		<Department>Blandit Enim Industries</Department>
		<Address>Ap #539-8527 Duis Rd.</Address>
	</Employee>
	<Employee>
		<FirstName>Fallon</FirstName>
		<LastName>Kerry</LastName>
		<Email>sem.eget@loremDonec.com</Email>
		<Department>Justo Nec Ante Company</Department>
		<Address>P.O. Box 793, 2585 Dolor St.</Address>
	</Employee>
	<Employee>
		<FirstName>Ralph</FirstName>
		<LastName>Aristotle</LastName>
		<Email>Vivamus@auctorquis.co.uk</Email>
		<Department>Sed Molestie Sed Industries</Department>
		<Address>P.O. Box 147, 794 Nonummy Ave</Address>
	</Employee>
	<Employee>
		<FirstName>Kalia</FirstName>
		<LastName>Amery</LastName>
		<Email>venenatis@utnullaCras.ca</Email>
		<Department>Orci PC</Department>
		<Address>138-8724 Duis Ave</Address>
	</Employee>
	<Employee>
		<FirstName>Ross</FirstName>
		<LastName>Buffy</LastName>
		<Email>a.felis@diam.net</Email>
		<Department>Sed Sem Egestas Consulting</Department>
		<Address>2779 Vestibulum Street</Address>
	</Employee>
	<Employee>
		<FirstName>Felix</FirstName>
		<LastName>Hedley</LastName>
		<Email>ultrices@viverraMaecenas.ca</Email>
		<Department>Nec Metus Associates</Department>
		<Address>Ap #585-7469 Et Road</Address>
	</Employee>
	<Employee>
		<FirstName>Eric</FirstName>
		<LastName>Austin</LastName>
		<Email>libero@ultriciesligulaNullam.net</Email>
		<Department>Ipsum Foundation</Department>
		<Address>Ap #805-5364 Leo. Avenue</Address>
	</Employee>
	<Employee>
		<FirstName>Quentin</FirstName>
		<LastName>Heidi</LastName>
		<Email>Suspendisse.eleifend@milorem.co.uk</Email>
		<Department>Velit In Consulting</Department>
		<Address>4427 Etiam St.</Address>
	</Employee>
	<Employee>
		<FirstName>Candice</FirstName>
		<LastName>Amy</LastName>
		<Email>Mauris.magna@lobortistellus.org</Email>
		<Department>Nisi Corp.</Department>
		<Address>P.O. Box 906, 750 Nulla. St.</Address>
	</Employee>
	<Employee>
		<FirstName>Marny</FirstName>
		<LastName>Regan</LastName>
		<Email>Maecenas@anequeNullam.org</Email>
		<Department>Fermentum Convallis LLP</Department>
		<Address>P.O. Box 957, 4734 Egestas Av.</Address>
	</Employee>
	<Employee>
		<FirstName>Guy</FirstName>
		<LastName>Holly</LastName>
		<Email>Quisque@lectussitamet.org</Email>
		<Department>Ac Libero Consulting</Department>
		<Address>Ap #249-9210 Praesent Avenue</Address>
	</Employee>
	<Employee>
		<FirstName>Graham</FirstName>
		<LastName>Ivan</LastName>
		<Email>imperdiet@diamvel.ca</Email>
		<Department>Orci Inc.</Department>
		<Address>7612 Cum St.</Address>
	</Employee>
	<Employee>
		<FirstName>Christen</FirstName>
		<LastName>Tucker</LastName>
		<Email>eu.euismod.ac@sollicitudincommodo.com</Email>
		<Department>A Purus Corp.</Department>
		<Address>Ap #433-6526 Mauris Rd.</Address>
	</Employee>
	<Employee>
		<FirstName>Mallory</FirstName>
		<LastName>Jena</LastName>
		<Email>mollis@laoreet.edu</Email>
		<Department>Amet Metus Consulting</Department>
		<Address>P.O. Box 927, 9568 Non, St.</Address>
	</Employee>
	<Employee>
		<FirstName>Amery</FirstName>
		<LastName>Frances</LastName>
		<Email>pede.nonummy.ut@Nullaaliquet.org</Email>
		<Department>Cras Institute</Department>
		<Address>P.O. Box 709, 8997 Id, St.</Address>
	</Employee>
	<Employee>
		<FirstName>Hilary</FirstName>
		<LastName>Lesley</LastName>
		<Email>Lorem@aliquetmetus.org</Email>
		<Department>Quisque Nonummy Company</Department>
		<Address>531-1912 Eleifend St.</Address>
	</Employee>
	<Employee>
		<FirstName>Susan</FirstName>
		<LastName>Dorian</LastName>
		<Email>vulputate@sedliberoProin.ca</Email>
		<Department>Ac Nulla Corporation</Department>
		<Address>P.O. Box 793, 5621 Ligula Rd.</Address>
	</Employee>
	<Employee>
		<FirstName>Brett</FirstName>
		<LastName>Cameran</LastName>
		<Email>consectetuer@ridiculus.org</Email>
		<Department>Elit Institute</Department>
		<Address>P.O. Box 179, 7927 At, St.</Address>
	</Employee>
	<Employee>
		<FirstName>Celeste</FirstName>
		<LastName>Chadwick</LastName>
		<Email>Cum.sociis.natoque@nequevitaesemper.ca</Email>
		<Department>Natoque Penatibus LLC</Department>
		<Address>337-7582 Urna. Rd.</Address>
	</Employee>
	<Employee>
		<FirstName>Echo</FirstName>
		<LastName>Hilda</LastName>
		<Email>convallis.dolor@fringilla.ca</Email>
		<Department>Dignissim Institute</Department>
		<Address>1635 Enim. Av.</Address>
	</Employee>
	<Employee>
		<FirstName>Fletcher</FirstName>
		<LastName>Leandra</LastName>
		<Email>quis@iaculisneceleifend.co.uk</Email>
		<Department>Egestas Rhoncus Proin Corp.</Department>
		<Address>578-4688 Vulputate, Rd.</Address>
	</Employee>
	<Employee>
		<FirstName>Casey</FirstName>
		<LastName>Kylan</LastName>
		<Email>amet@at.co.uk</Email>
		<Department>Tempor Diam Dictum LLC</Department>
		<Address>687-2477 Montes, Av.</Address>
	</Employee>
	<Employee>
		<FirstName>Imogene</FirstName>
		<LastName>Alexis</LastName>
		<Email>risus.Nunc.ac@Quisque.ca</Email>
		<Department>Purus Maecenas Associates</Department>
		<Address>Ap #951-7534 Malesuada Road</Address>
	</Employee>
	<Employee>
		<FirstName>Melodie</FirstName>
		<LastName>Tatyana</LastName>
		<Email>mi.lorem@sem.com</Email>
		<Department>Dui Fusce Diam Limited</Department>
		<Address>P.O. Box 807, 7701 Diam Street</Address>
	</Employee>
	<Employee>
		<FirstName>Nathaniel</FirstName>
		<LastName>Sopoline</LastName>
		<Email>mauris.Morbi@vitaesodalesat.net</Email>
		<Department>Sed Dictum Proin Limited</Department>
		<Address>823-9550 Donec St.</Address>
	</Employee>
	<Employee>
		<FirstName>Nerea</FirstName>
		<LastName>Colton</LastName>
		<Email>diam@Crasvulputatevelit.edu</Email>
		<Department>Phasellus Nulla Integer Corporation</Department>
		<Address>P.O. Box 775, 3057 Consectetuer Av.</Address>
	</Employee>
	<Employee>
		<FirstName>Keiko</FirstName>
		<LastName>Giacomo</LastName>
		<Email>dui.Cum@Sed.org</Email>
		<Department>Proin Corporation</Department>
		<Address>111-3123 Ligula. Rd.</Address>
	</Employee>
	<Employee>
		<FirstName>Hope</FirstName>
		<LastName>Aristotle</LastName>
		<Email>Integer.urna@actellus.co.uk</Email>
		<Department>Sed Diam Lorem Foundation</Department>
		<Address>P.O. Box 494, 7395 Pede Av.</Address>
	</Employee>
	<Employee>
		<FirstName>Iliana</FirstName>
		<LastName>Madonna</LastName>
		<Email>Quisque.purus.sapien@id.com</Email>
		<Department>Est Consulting</Department>
		<Address>Ap #382-9623 Integer Rd.</Address>
	</Employee>
	<Employee>
		<FirstName>Blair</FirstName>
		<LastName>Cleo</LastName>
		<Email>nulla.In.tincidunt@rhoncus.net</Email>
		<Department>Felis LLC</Department>
		<Address>862-5190 Tincidunt Street</Address>
	</Employee>
	<Employee>
		<FirstName>Nita</FirstName>
		<LastName>Geoffrey</LastName>
		<Email>nec.quam@hendreritneque.org</Email>
		<Department>Odio Etiam LLP</Department>
		<Address>Ap #994-2515 Facilisi. Street</Address>
	</Employee>
	<Employee>
		<FirstName>Branden</FirstName>
		<LastName>Amity</LastName>
		<Email>aliquet.nec.imperdiet@viverraDonec.edu</Email>
		<Department>Molestie Sed Corp.</Department>
		<Address>P.O. Box 824, 9990 A, Avenue</Address>
	</Employee>
	<Employee>
		<FirstName>Axel</FirstName>
		<LastName>Unity</LastName>
		<Email>Nam.nulla@elitEtiam.co.uk</Email>
		<Department>Ultrices LLP</Department>
		<Address>P.O. Box 574, 6339 Mollis. St.</Address>
	</Employee>
	<Employee>
		<FirstName>Whoopi</FirstName>
		<LastName>Myra</LastName>
		<Email>mi.ac.mattis@cursuset.net</Email>
		<Department>Nonummy Ipsum Incorporated</Department>
		<Address>P.O. Box 961, 4396 Ornare. Ave</Address>
	</Employee>
	<Employee>
		<FirstName>Olympia</FirstName>
		<LastName>Arthur</LastName>
		<Email>lacus@condimentumDonec.edu</Email>
		<Department>Ipsum Limited</Department>
		<Address>4998 Metus. Rd.</Address>
	</Employee>
	<Employee>
		<FirstName>Zelda</FirstName>
		<LastName>Ori</LastName>
		<Email>malesuada.vel.convallis@Fusce.edu</Email>
		<Department>Condimentum Eget Volutpat Industries</Department>
		<Address>P.O. Box 791, 921 Ipsum Rd.</Address>
	</Employee>
	<Employee>
		<FirstName>Haley</FirstName>
		<LastName>Drew</LastName>
		<Email>erat.Sed@purus.com</Email>
		<Department>Porttitor Eros Corp.</Department>
		<Address>P.O. Box 165, 3354 Tincidunt Avenue</Address>
	</Employee>
	<Employee>
		<FirstName>Sarah</FirstName>
		<LastName>Stacey</LastName>
		<Email>eget@nondapibusrutrum.ca</Email>
		<Department>Augue Ut Institute</Department>
		<Address>Ap #806-6936 Sem Ave</Address>
	</Employee>
	<Employee>
		<FirstName>Amos</FirstName>
		<LastName>Gabriel</LastName>
		<Email>consectetuer.adipiscing@ornare.com</Email>
		<Department>Nisl Sem Corp.</Department>
		<Address>646-935 Vivamus Avenue</Address>
	</Employee>
	<Employee>
		<FirstName>Ori</FirstName>
		<LastName>Georgia</LastName>
		<Email>risus.Nunc.ac@Quisque.ca</Email>
		<Department>Ornare LLC</Department>
		<Address>Ap #273-9230 Vestibulum, Avenue</Address>
	</Employee>
	<Employee>
		<FirstName>Noelle</FirstName>
		<LastName>Ivy</LastName>
		<Email>magna.Cras.convallis@atlacus.edu</Email>
		<Department>Mauris Inc.</Department>
		<Address>470-5417 Est St.</Address>
	</Employee>
	<Employee>
		<FirstName>Jasper</FirstName>
		<LastName>Macon</LastName>
		<Email>ultricies@molestie.org</Email>
		<Department>Orci Lobortis Industries</Department>
		<Address>Ap #414-7939 Vivamus Av.</Address>
	</Employee>
	<Employee>
		<FirstName>Juliet</FirstName>
		<LastName>Violet</LastName>
		<Email>Aliquam.fringilla.cursus@necante.net</Email>
		<Department>Nec Mollis Vitae Limited</Department>
		<Address>Ap #918-1230 Donec Ave</Address>
	</Employee>
	<Employee>
		<FirstName>Winter</FirstName>
		<LastName>Sybill</LastName>
		<Email>Suspendisse@malesuadafringillaest.ca</Email>
		<Department>Ligula Aliquam Consulting</Department>
		<Address>955-5817 Justo. Avenue</Address>
	</Employee>
	<Employee>
		<FirstName>Elvis</FirstName>
		<LastName>Bruce</LastName>
		<Email>a.feugiat.tellus@sollicitudincommodo.ca</Email>
		<Department>Cubilia Curae; Company</Department>
		<Address>P.O. Box 928, 7250 Quisque Road</Address>
	</Employee>
	<Employee>
		<FirstName>Kiona</FirstName>
		<LastName>Lyle</LastName>
		<Email>aliquet@sagittis.net</Email>
		<Department>Donec Inc.</Department>
		<Address>746 Id Ave</Address>
	</Employee>
	<Employee>
		<FirstName>Yolanda</FirstName>
		<LastName>Ray</LastName>
		<Email>urna.Nullam.lobortis@Donecporttitortellus.co.uk</Email>
		<Department>Ultrices Mauris Ipsum PC</Department>
		<Address>1506 Nec Av.</Address>
	</Employee>
	<Employee>
		<FirstName>Lila</FirstName>
		<LastName>Denton</LastName>
		<Email>tincidunt.vehicula@hendreritaarcu.edu</Email>
		<Department>Suspendisse Foundation</Department>
		<Address>P.O. Box 662, 9521 Nunc Road</Address>
	</Employee>
	<Employee>
		<FirstName>Amena</FirstName>
		<LastName>Regan</LastName>
		<Email>ac.arcu@Proinnonmassa.net</Email>
		<Department>Ornare Placerat Orci Corp.</Department>
		<Address>Ap #443-3096 Tempus Rd.</Address>
	</Employee>
	<Employee>
		<FirstName>Avye</FirstName>
		<LastName>Kelsey</LastName>
		<Email>sed.dolor.Fusce@vel.com</Email>
		<Department>Donec LLP</Department>
		<Address>P.O. Box 444, 7566 Tincidunt Av.</Address>
	</Employee>
	<Employee>
		<FirstName>Hilda</FirstName>
		<LastName>Nita</LastName>
		<Email>non.massa@temporest.edu</Email>
		<Department>Lorem Eget Mollis Institute</Department>
		<Address>P.O. Box 732, 792 Sit Road</Address>
	</Employee>
	<Employee>
		<FirstName>Charde</FirstName>
		<LastName>Cassidy</LastName>
		<Email>a.enim.Suspendisse@sed.org</Email>
		<Department>Praesent Corporation</Department>
		<Address>773-3666 Aliquet Rd.</Address>
	</Employee>
	<Employee>
		<FirstName>Tad</FirstName>
		<LastName>Hop</LastName>
		<Email>lacus.Aliquam@dignissimlacusAliquam.com</Email>
		<Department>In Magna Phasellus Limited</Department>
		<Address>1430 Et Rd.</Address>
	</Employee>
	<Employee>
		<FirstName>Duncan</FirstName>
		<LastName>Darrel</LastName>
		<Email>Etiam.imperdiet@rutrumjusto.edu</Email>
		<Department>Ornare Elit Limited</Department>
		<Address>P.O. Box 860, 5390 Pharetra Road</Address>
	</Employee>
	<Employee>
		<FirstName>Macey</FirstName>
		<LastName>September</LastName>
		<Email>dictum.cursus.Nunc@semconsequatnec.org</Email>
		<Department>Lectus Ante Dictum Company</Department>
		<Address>978-1402 Vitae, St.</Address>
	</Employee>
	<Employee>
		<FirstName>Cathleen</FirstName>
		<LastName>Suki</LastName>
		<Email>Praesent.interdum.ligula@ultricesDuis.co.uk</Email>
		<Department>Ultricies Institute</Department>
		<Address>5816 Suscipit, Rd.</Address>
	</Employee>
	<Employee>
		<FirstName>Cathleen</FirstName>
		<LastName>Christine</LastName>
		<Email>elementum@urnajustofaucibus.co.uk</Email>
		<Department>Rutrum Fusce Dolor Corp.</Department>
		<Address>4128 Purus. Rd.</Address>
	</Employee>
	<Employee>
		<FirstName>Justine</FirstName>
		<LastName>Madaline</LastName>
		<Email>elit.pretium@eu.net</Email>
		<Department>Volutpat Nulla Facilisis LLP</Department>
		<Address>739-6227 Quis St.</Address>
	</Employee>
	<Employee>
		<FirstName>John</FirstName>
		<LastName>Garrison</LastName>
		<Email>Cras.eget@velitCraslorem.com</Email>
		<Department>Sollicitudin Adipiscing PC</Department>
		<Address>P.O. Box 742, 1259 Sed, Street</Address>
	</Employee>
	<Employee>
		<FirstName>Oprah</FirstName>
		<LastName>Pandora</LastName>
		<Email>vel.turpis.Aliquam@tinciduntnequevitae.ca</Email>
		<Department>Id Mollis LLC</Department>
		<Address>6506 Mauris Rd.</Address>
	</Employee>
	<Employee>
		<FirstName>Erin</FirstName>
		<LastName>Halee</LastName>
		<Email>sem.molestie.sodales@justoProinnon.edu</Email>
		<Department>Tellus Associates</Department>
		<Address>P.O. Box 702, 4419 Vivamus Road</Address>
	</Employee>
	<Employee>
		<FirstName>Isaiah</FirstName>
		<LastName>Taylor</LastName>
		<Email>dictum.augue@orcilobortisaugue.ca</Email>
		<Department>Sed Dui Fusce Ltd</Department>
		<Address>Ap #978-6124 Commodo Road</Address>
	</Employee>
	<Employee>
		<FirstName>Jordan</FirstName>
		<LastName>Fuller</LastName>
		<Email>mauris@tristiqueaceleifend.com</Email>
		<Department>Eu Eros Nam Foundation</Department>
		<Address>Ap #254-7179 Egestas Av.</Address>
	</Employee>
	<Employee>
		<FirstName>Rhiannon</FirstName>
		<LastName>Maya</LastName>
		<Email>litora.torquent@tinciduntnibhPhasellus.net</Email>
		<Department>Facilisis Eget Ipsum Consulting</Department>
		<Address>6080 Eget, Street</Address>
	</Employee>
	<Employee>
		<FirstName>Bethany</FirstName>
		<LastName>Dara</LastName>
		<Email>mauris@tristique.co.uk</Email>
		<Department>Phasellus Dolor LLC</Department>
		<Address>Ap #136-6626 Mattis. Ave</Address>
	</Employee>
	<Employee>
		<FirstName>Caleb</FirstName>
		<LastName>Jana</LastName>
		<Email>Sed.malesuada@Nunc.com</Email>
		<Department>Dui Nec Foundation</Department>
		<Address>977-2736 Sed Ave</Address>
	</Employee>
	<Employee>
		<FirstName>Josephine</FirstName>
		<LastName>Carol</LastName>
		<Email>sit@nasceturridiculus.net</Email>
		<Department>Suspendisse Eleifend Associates</Department>
		<Address>302-821 Erat Rd.</Address>
	</Employee>
	<Employee>
		<FirstName>Jael</FirstName>
		<LastName>Zephania</LastName>
		<Email>morbi.tristique@adipiscing.com</Email>
		<Department>Mi Enim Condimentum Foundation</Department>
		<Address>P.O. Box 979, 2886 Maecenas Avenue</Address>
	</Employee>
	<Employee>
		<FirstName>Leroy</FirstName>
		<LastName>Carter</LastName>
		<Email>Proin@turpisnecmauris.org</Email>
		<Department>Bibendum Sed Institute</Department>
		<Address>6864 Auctor, Rd.</Address>
	</Employee>
	<Employee>
		<FirstName>Mary</FirstName>
		<LastName>Sydnee</LastName>
		<Email>Duis.cursus@senectuset.edu</Email>
		<Department>Convallis Corporation</Department>
		<Address>Ap #331-5166 Vehicula Street</Address>
	</Employee>
	<Employee>
		<FirstName>Pamela</FirstName>
		<LastName>Wylie</LastName>
		<Email>Quisque.libero.lacus@Maurisnondui.edu</Email>
		<Department>Nulla Facilisis LLP</Department>
		<Address>762-1806 Sollicitudin St.</Address>
	</Employee>
	<Employee>
		<FirstName>Tyler</FirstName>
		<LastName>Nayda</LastName>
		<Email>mattis.ornare.lectus@ultriciesadipiscing.com</Email>
		<Department>Vitae Dolor LLP</Department>
		<Address>P.O. Box 479, 5077 Arcu. Avenue</Address>
	</Employee>
	<Employee>
		<FirstName>Xander</FirstName>
		<LastName>Adrian</LastName>
		<Email>rutrum.lorem.ac@arcuacorci.edu</Email>
		<Department>Rhoncus Id Mollis Corp.</Department>
		<Address>700-9035 Dui. Av.</Address>
	</Employee>
	<Employee>
		<FirstName>Fredericka</FirstName>
		<LastName>Bruce</LastName>
		<Email>Cum.sociis@enim.edu</Email>
		<Department>Magna Duis Dignissim Ltd</Department>
		<Address>P.O. Box 772, 5166 Sem Street</Address>
	</Employee>
</Employees>
