<?xml version="1.0" encoding="UTF-8" ?><Employees>
	<Employee>
		<FirstName>Alea</FirstName>
		<LastName>Brenden</LastName>
		<Email>purus.accumsan@tacitisociosquad.edu</Email>
		<Department>Ac Urna Consulting</Department>
		<Address>Ap #530-3539 Ornare St.</Address>
	</Employee>
	<Employee>
		<FirstName>Joan</FirstName>
		<LastName>Abigail</LastName>
		<Email>Nam.ligula@lorem.com</Email>
		<Department>Cursus LLP</Department>
		<Address>963-3858 Vestibulum Rd.</Address>
	</Employee>
	<Employee>
		<FirstName>Willa</FirstName>
		<LastName>Hilda</LastName>
		<Email>mus.Aenean@magna.co.uk</Email>
		<Department>Laoreet Lectus Quis Limited</Department>
		<Address>698-1691 Velit Road</Address>
	</Employee>
	<Employee>
		<FirstName>Blythe</FirstName>
		<LastName>Jescie</LastName>
		<Email>volutpat.ornare.facilisis@velturpisAliquam.co.uk</Email>
		<Department>Amet Corp.</Department>
		<Address>651-1219 Lacinia Avenue</Address>
	</Employee>
	<Employee>
		<FirstName>Serina</FirstName>
		<LastName>Carson</LastName>
		<Email>Aliquam.gravida.mauris@Cras.org</Email>
		<Department>Rutrum Urna Nec LLP</Department>
		<Address>885-4710 Proin Av.</Address>
	</Employee>
	<Employee>
		<FirstName>Demetrius</FirstName>
		<LastName>Uriah</LastName>
		<Email>et.magnis@etrutrum.ca</Email>
		<Department>Massa Quisque Ltd</Department>
		<Address>966-9048 Nunc St.</Address>
	</Employee>
	<Employee>
		<FirstName>Nita</FirstName>
		<LastName>Ray</LastName>
		<Email>vel.convallis@diam.co.uk</Email>
		<Department>Mattis Cras Foundation</Department>
		<Address>P.O. Box 384, 1305 Penatibus Av.</Address>
	</Employee>
	<Employee>
		<FirstName>Sandra</FirstName>
		<LastName>Simon</LastName>
		<Email>enim.Curabitur@leoVivamusnibh.edu</Email>
		<Department>Nibh Lacinia Industries</Department>
		<Address>Ap #427-8560 Dignissim St.</Address>
	</Employee>
	<Employee>
		<FirstName>Xaviera</FirstName>
		<LastName>Adara</LastName>
		<Email>lobortis.Class.aptent@maurisInteger.edu</Email>
		<Department>Mollis LLC</Department>
		<Address>Ap #753-327 Phasellus Street</Address>
	</Employee>
	<Employee>
		<FirstName>Kennedy</FirstName>
		<LastName>Lee</LastName>
		<Email>Integer@orciadipiscing.org</Email>
		<Department>Amet Consectetuer Associates</Department>
		<Address>1984 Feugiat St.</Address>
	</Employee>
	<Employee>
		<FirstName>Benedict</FirstName>
		<LastName>Lionel</LastName>
		<Email>nulla@dignissimlacusAliquam.ca</Email>
		<Department>Nisl PC</Department>
		<Address>Ap #242-5041 Pellentesque St.</Address>
	</Employee>
	<Employee>
		<FirstName>Raja</FirstName>
		<LastName>Shelly</LastName>
		<Email>magna@accumsanconvallis.org</Email>
		<Department>Euismod Enim Corp.</Department>
		<Address>291-4638 Gravida Av.</Address>
	</Employee>
	<Employee>
		<FirstName>Rigel</FirstName>
		<LastName>Abraham</LastName>
		<Email>ultrices@sociis.ca</Email>
		<Department>Ante Ipsum Primis Inc.</Department>
		<Address>604-518 Sed Avenue</Address>
	</Employee>
	<Employee>
		<FirstName>Bryar</FirstName>
		<LastName>Felix</LastName>
		<Email>Integer.urna@molestie.net</Email>
		<Department>Cursus PC</Department>
		<Address>P.O. Box 161, 1420 Ut, Av.</Address>
	</Employee>
	<Employee>
		<FirstName>Dieter</FirstName>
		<LastName>Kiayada</LastName>
		<Email>diam.at@Innecorci.net</Email>
		<Department>Sit Amet Ornare Corp.</Department>
		<Address>Ap #677-849 Est. Rd.</Address>
	</Employee>
	<Employee>
		<FirstName>Amena</FirstName>
		<LastName>Lana</LastName>
		<Email>a.malesuada.id@infaucibusorci.ca</Email>
		<Department>Fringilla Donec Feugiat Inc.</Department>
		<Address>554-7033 Lorem Rd.</Address>
	</Employee>
	<Employee>
		<FirstName>Tamekah</FirstName>
		<LastName>Serina</LastName>
		<Email>ut@anunc.net</Email>
		<Department>Suspendisse Aliquet Corporation</Department>
		<Address>517-646 Mollis. Ave</Address>
	</Employee>
	<Employee>
		<FirstName>Meredith</FirstName>
		<LastName>Clementine</LastName>
		<Email>mattis.Integer.eu@ametrisusDonec.ca</Email>
		<Department>Integer Consulting</Department>
		<Address>P.O. Box 840, 5984 Lorem Road</Address>
	</Employee>
	<Employee>
		<FirstName>Lacota</FirstName>
		<LastName>Clarke</LastName>
		<Email>vel@Nullatemporaugue.edu</Email>
		<Department>Tellus PC</Department>
		<Address>Ap #763-8129 Consequat Av.</Address>
	</Employee>
	<Employee>
		<FirstName>Astra</FirstName>
		<LastName>Mikayla</LastName>
		<Email>libero.Proin.mi@nuncQuisqueornare.com</Email>
		<Department>Ac PC</Department>
		<Address>P.O. Box 704, 8772 Mauris St.</Address>
	</Employee>
	<Employee>
		<FirstName>Deborah</FirstName>
		<LastName>Ignacia</LastName>
		<Email>eu.nulla@facilisis.com</Email>
		<Department>Facilisis Non Inc.</Department>
		<Address>428-4593 Bibendum Rd.</Address>
	</Employee>
	<Employee>
		<FirstName>Daryl</FirstName>
		<LastName>Griffith</LastName>
		<Email>lorem.sit.amet@diam.co.uk</Email>
		<Department>Eu Tellus Institute</Department>
		<Address>2752 Sed Avenue</Address>
	</Employee>
	<Employee>
		<FirstName>Chelsea</FirstName>
		<LastName>Sade</LastName>
		<Email>mauris@ante.edu</Email>
		<Department>Ipsum Industries</Department>
		<Address>1903 Pretium Av.</Address>
	</Employee>
	<Employee>
		<FirstName>Alexis</FirstName>
		<LastName>Bert</LastName>
		<Email>vitae.sodales@infaucibusorci.co.uk</Email>
		<Department>Fusce Corporation</Department>
		<Address>7036 Dui. St.</Address>
	</Employee>
	<Employee>
		<FirstName>Heather</FirstName>
		<LastName>Xantha</LastName>
		<Email>Duis.volutpat@semsempererat.co.uk</Email>
		<Department>Maecenas Foundation</Department>
		<Address>Ap #809-6849 Adipiscing Street</Address>
	</Employee>
	<Employee>
		<FirstName>Tallulah</FirstName>
		<LastName>Raja</LastName>
		<Email>non@non.net</Email>
		<Department>Ipsum Associates</Department>
		<Address>Ap #439-2694 Curae; Ave</Address>
	</Employee>
	<Employee>
		<FirstName>Vance</FirstName>
		<LastName>Cathleen</LastName>
		<Email>Ut.tincidunt@a.com</Email>
		<Department>Mattis Velit Justo LLC</Department>
		<Address>Ap #239-303 Ultrices. St.</Address>
	</Employee>
	<Employee>
		<FirstName>Lacota</FirstName>
		<LastName>Upton</LastName>
		<Email>sed.dui.Fusce@dolorsitamet.com</Email>
		<Department>Odio Vel Est Associates</Department>
		<Address>797 Congue. Road</Address>
	</Employee>
	<Employee>
		<FirstName>Anthony</FirstName>
		<LastName>Tatiana</LastName>
		<Email>est.ac@Pellentesqueut.edu</Email>
		<Department>Integer Associates</Department>
		<Address>1121 Non, Rd.</Address>
	</Employee>
	<Employee>
		<FirstName>Moana</FirstName>
		<LastName>Finn</LastName>
		<Email>dui@etnetuset.co.uk</Email>
		<Department>Arcu Curabitur Consulting</Department>
		<Address>Ap #141-2562 Gravida Road</Address>
	</Employee>
	<Employee>
		<FirstName>Maggy</FirstName>
		<LastName>Solomon</LastName>
		<Email>Praesent.luctus.Curabitur@nibhenim.ca</Email>
		<Department>Mauris A Incorporated</Department>
		<Address>Ap #410-6591 Pretium Ave</Address>
	</Employee>
	<Employee>
		<FirstName>Roth</FirstName>
		<LastName>Claudia</LastName>
		<Email>sagittis@eratvolutpatNulla.com</Email>
		<Department>Et Risus LLP</Department>
		<Address>3897 Ultricies Ave</Address>
	</Employee>
	<Employee>
		<FirstName>Lilah</FirstName>
		<LastName>Casey</LastName>
		<Email>ullamcorper@mauris.co.uk</Email>
		<Department>Elit Curabitur Institute</Department>
		<Address>Ap #775-7781 At, Avenue</Address>
	</Employee>
	<Employee>
		<FirstName>Stephen</FirstName>
		<LastName>Brynne</LastName>
		<Email>amet.faucibus@venenatis.org</Email>
		<Department>Lacus Vestibulum Corp.</Department>
		<Address>P.O. Box 129, 437 Blandit Avenue</Address>
	</Employee>
	<Employee>
		<FirstName>Aimee</FirstName>
		<LastName>Willow</LastName>
		<Email>orci@nec.org</Email>
		<Department>Eu Ligula Corporation</Department>
		<Address>854 Vel Rd.</Address>
	</Employee>
	<Employee>
		<FirstName>Colin</FirstName>
		<LastName>Sean</LastName>
		<Email>vulputate.dui.nec@eteros.co.uk</Email>
		<Department>Nec Eleifend Limited</Department>
		<Address>7647 Nisl. Street</Address>
	</Employee>
	<Employee>
		<FirstName>Malcolm</FirstName>
		<LastName>Garth</LastName>
		<Email>ipsum@ac.ca</Email>
		<Department>Fringilla PC</Department>
		<Address>645-5752 Laoreet, St.</Address>
	</Employee>
	<Employee>
		<FirstName>Keith</FirstName>
		<LastName>Jesse</LastName>
		<Email>per@aliquam.net</Email>
		<Department>Mauris Nulla Institute</Department>
		<Address>3848 Tristique St.</Address>
	</Employee>
	<Employee>
		<FirstName>Elijah</FirstName>
		<LastName>Rhonda</LastName>
		<Email>commodo.at.libero@luctusutpellentesque.org</Email>
		<Department>Nunc Quis Company</Department>
		<Address>Ap #284-3020 Sit Av.</Address>
	</Employee>
	<Employee>
		<FirstName>Oliver</FirstName>
		<LastName>Blossom</LastName>
		<Email>nulla.vulputate@ridiculus.edu</Email>
		<Department>Vitae Ltd</Department>
		<Address>9811 Erat. Av.</Address>
	</Employee>
	<Employee>
		<FirstName>Candice</FirstName>
		<LastName>Winifred</LastName>
		<Email>nisl@tacitisociosquad.ca</Email>
		<Department>Euismod Urna Company</Department>
		<Address>P.O. Box 734, 2455 Vitae St.</Address>
	</Employee>
	<Employee>
		<FirstName>Daryl</FirstName>
		<LastName>Galena</LastName>
		<Email>dapibus.id.blandit@DonecfringillaDonec.net</Email>
		<Department>Nulla LLC</Department>
		<Address>383-1272 Vel Rd.</Address>
	</Employee>
	<Employee>
		<FirstName>Astra</FirstName>
		<LastName>Emma</LastName>
		<Email>quam.elementum@orci.net</Email>
		<Department>Ligula Donec Institute</Department>
		<Address>220-8342 Pharetra. St.</Address>
	</Employee>
	<Employee>
		<FirstName>Anne</FirstName>
		<LastName>Oliver</LastName>
		<Email>adipiscing@liberoProinsed.net</Email>
		<Department>Vivamus Non Lorem Institute</Department>
		<Address>Ap #466-6861 Mauris Avenue</Address>
	</Employee>
	<Employee>
		<FirstName>Forrest</FirstName>
		<LastName>Fay</LastName>
		<Email>velit.dui@id.co.uk</Email>
		<Department>Aliquet Molestie Company</Department>
		<Address>577-863 Velit St.</Address>
	</Employee>
	<Employee>
		<FirstName>Macon</FirstName>
		<LastName>Mia</LastName>
		<Email>elit.pede.malesuada@urna.org</Email>
		<Department>Sem Eget Massa Ltd</Department>
		<Address>398-7838 Vulputate, Rd.</Address>
	</Employee>
	<Employee>
		<FirstName>Victoria</FirstName>
		<LastName>Amela</LastName>
		<Email>auctor.velit.eget@Pellentesque.org</Email>
		<Department>Fringilla Mi Associates</Department>
		<Address>Ap #535-9397 Nulla. Street</Address>
	</Employee>
	<Employee>
		<FirstName>Jin</FirstName>
		<LastName>Rudyard</LastName>
		<Email>sem.molestie.sodales@ligulatortor.edu</Email>
		<Department>Ullamcorper Velit In Incorporated</Department>
		<Address>Ap #326-6821 Sagittis Rd.</Address>
	</Employee>
	<Employee>
		<FirstName>Hu</FirstName>
		<LastName>Sigourney</LastName>
		<Email>neque.Morbi.quis@dignissim.edu</Email>
		<Department>Hendrerit LLP</Department>
		<Address>722-2246 Laoreet, St.</Address>
	</Employee>
	<Employee>
		<FirstName>Blair</FirstName>
		<LastName>Cairo</LastName>
		<Email>ipsum@eu.co.uk</Email>
		<Department>Interdum Libero Dui Corporation</Department>
		<Address>7118 Pellentesque St.</Address>
	</Employee>
	<Employee>
		<FirstName>Cairo</FirstName>
		<LastName>Dexter</LastName>
		<Email>Integer@pharetra.com</Email>
		<Department>Non Justo Corp.</Department>
		<Address>712 Tincidunt Rd.</Address>
	</Employee>
	<Employee>
		<FirstName>Timon</FirstName>
		<LastName>Maggie</LastName>
		<Email>mauris.ut@Sed.net</Email>
		<Department>Egestas Ltd</Department>
		<Address>1830 Nunc St.</Address>
	</Employee>
	<Employee>
		<FirstName>Denton</FirstName>
		<LastName>Halee</LastName>
		<Email>mus@egestasligula.edu</Email>
		<Department>Nec Urna Industries</Department>
		<Address>799-684 Nec Ave</Address>
	</Employee>
	<Employee>
		<FirstName>Maris</FirstName>
		<LastName>Oleg</LastName>
		<Email>ut@Aliquam.com</Email>
		<Department>Hymenaeos Mauris Foundation</Department>
		<Address>979-3592 Sed Av.</Address>
	</Employee>
	<Employee>
		<FirstName>Dieter</FirstName>
		<LastName>Ariana</LastName>
		<Email>Maecenas.mi.felis@eunulla.org</Email>
		<Department>Nam Nulla Magna LLC</Department>
		<Address>342-4187 Mauris Ave</Address>
	</Employee>
	<Employee>
		<FirstName>Bernard</FirstName>
		<LastName>Ursa</LastName>
		<Email>Suspendisse.commodo@nascetur.net</Email>
		<Department>Amet Consectetuer Incorporated</Department>
		<Address>Ap #479-1388 Est. St.</Address>
	</Employee>
	<Employee>
		<FirstName>Jillian</FirstName>
		<LastName>Jolene</LastName>
		<Email>ac.fermentum@egetmetus.co.uk</Email>
		<Department>Nullam Nisl Limited</Department>
		<Address>P.O. Box 815, 9171 Ultricies Street</Address>
	</Employee>
	<Employee>
		<FirstName>Vanna</FirstName>
		<LastName>Nelle</LastName>
		<Email>ullamcorper@erategetipsum.edu</Email>
		<Department>Tellus Ltd</Department>
		<Address>9795 Ligula Road</Address>
	</Employee>
	<Employee>
		<FirstName>Sawyer</FirstName>
		<LastName>Chava</LastName>
		<Email>Aliquam.nec@MaurismagnaDuis.ca</Email>
		<Department>At Velit Pellentesque Corp.</Department>
		<Address>P.O. Box 564, 9868 Auctor, Rd.</Address>
	</Employee>
	<Employee>
		<FirstName>Kennan</FirstName>
		<LastName>Hu</LastName>
		<Email>semper.tellus@tinciduntpedeac.edu</Email>
		<Department>Dolor Company</Department>
		<Address>643-1849 Ut, Rd.</Address>
	</Employee>
	<Employee>
		<FirstName>Blossom</FirstName>
		<LastName>Iris</LastName>
		<Email>urna.Nullam.lobortis@Curae.net</Email>
		<Department>Eget Venenatis A Company</Department>
		<Address>Ap #963-6118 Auctor St.</Address>
	</Employee>
	<Employee>
		<FirstName>Genevieve</FirstName>
		<LastName>Tallulah</LastName>
		<Email>interdum@Vestibulum.net</Email>
		<Department>Ac PC</Department>
		<Address>4737 Adipiscing Ave</Address>
	</Employee>
	<Employee>
		<FirstName>Tashya</FirstName>
		<LastName>Julie</LastName>
		<Email>senectus@molestietellusAenean.edu</Email>
		<Department>Ante PC</Department>
		<Address>P.O. Box 923, 5696 Pede. Avenue</Address>
	</Employee>
	<Employee>
		<FirstName>Alana</FirstName>
		<LastName>Dacey</LastName>
		<Email>nunc.risus@dictum.org</Email>
		<Department>Augue Malesuada LLP</Department>
		<Address>Ap #364-9306 Et, Street</Address>
	</Employee>
	<Employee>
		<FirstName>Jena</FirstName>
		<LastName>Sydnee</LastName>
		<Email>sit@pede.co.uk</Email>
		<Department>Sit Amet Luctus Ltd</Department>
		<Address>844-3632 Semper Avenue</Address>
	</Employee>
	<Employee>
		<FirstName>Perry</FirstName>
		<LastName>Eugenia</LastName>
		<Email>sem@aliquamadipiscinglacus.net</Email>
		<Department>Lorem Vehicula Et Industries</Department>
		<Address>P.O. Box 111, 6621 Malesuada Road</Address>
	</Employee>
	<Employee>
		<FirstName>Lacota</FirstName>
		<LastName>Stewart</LastName>
		<Email>a@vitaediamProin.co.uk</Email>
		<Department>Nisi Corp.</Department>
		<Address>Ap #547-1139 Pellentesque Street</Address>
	</Employee>
	<Employee>
		<FirstName>Tyler</FirstName>
		<LastName>Kaitlin</LastName>
		<Email>tempus.lorem@felisadipiscing.org</Email>
		<Department>Aliquam Institute</Department>
		<Address>Ap #389-9175 Velit. Rd.</Address>
	</Employee>
	<Employee>
		<FirstName>Carlos</FirstName>
		<LastName>Angela</LastName>
		<Email>ut.odio.vel@tinciduntaliquam.edu</Email>
		<Department>Vel Incorporated</Department>
		<Address>341-2170 Elit Av.</Address>
	</Employee>
	<Employee>
		<FirstName>Timothy</FirstName>
		<LastName>Eric</LastName>
		<Email>lacus@nonummy.co.uk</Email>
		<Department>Eleifend Nec Malesuada Consulting</Department>
		<Address>Ap #376-1429 Est Rd.</Address>
	</Employee>
	<Employee>
		<FirstName>Orla</FirstName>
		<LastName>Sebastian</LastName>
		<Email>eget@Pellentesque.net</Email>
		<Department>Cursus A Corp.</Department>
		<Address>Ap #712-5201 Ultrices. St.</Address>
	</Employee>
	<Employee>
		<FirstName>Teagan</FirstName>
		<LastName>Ursa</LastName>
		<Email>magnis.dis.parturient@Integerurna.ca</Email>
		<Department>Arcu Consulting</Department>
		<Address>Ap #434-2148 Enim Road</Address>
	</Employee>
	<Employee>
		<FirstName>Paula</FirstName>
		<LastName>Ryder</LastName>
		<Email>libero@nibhDonecest.net</Email>
		<Department>Ipsum Company</Department>
		<Address>P.O. Box 807, 5402 Sit St.</Address>
	</Employee>
	<Employee>
		<FirstName>Susan</FirstName>
		<LastName>Carly</LastName>
		<Email>Duis.cursus@nunc.net</Email>
		<Department>Sociis Natoque Corporation</Department>
		<Address>986-2524 Varius. Av.</Address>
	</Employee>
	<Employee>
		<FirstName>Oscar</FirstName>
		<LastName>Leo</LastName>
		<Email>fringilla@telluseuaugue.co.uk</Email>
		<Department>Iaculis Enim Industries</Department>
		<Address>5266 Leo. Rd.</Address>
	</Employee>
	<Employee>
		<FirstName>Shannon</FirstName>
		<LastName>Ila</LastName>
		<Email>mi@vitaerisusDuis.com</Email>
		<Department>Nonummy Fusce Fermentum Industries</Department>
		<Address>Ap #883-5047 Augue Street</Address>
	</Employee>
	<Employee>
		<FirstName>Walter</FirstName>
		<LastName>Jamalia</LastName>
		<Email>purus.sapien@Nullamfeugiat.edu</Email>
		<Department>Arcu Ac PC</Department>
		<Address>5873 Et, Av.</Address>
	</Employee>
	<Employee>
		<FirstName>Yoshi</FirstName>
		<LastName>Keegan</LastName>
		<Email>ut@ligulaDonecluctus.net</Email>
		<Department>Enim Incorporated</Department>
		<Address>5661 A Av.</Address>
	</Employee>
	<Employee>
		<FirstName>Tasha</FirstName>
		<LastName>Beatrice</LastName>
		<Email>lacus.varius.et@interdumlibero.co.uk</Email>
		<Department>Accumsan PC</Department>
		<Address>7802 Nunc Street</Address>
	</Employee>
	<Employee>
		<FirstName>Alan</FirstName>
		<LastName>Janna</LastName>
		<Email>risus.Donec.egestas@faucibusidlibero.org</Email>
		<Department>Dapibus Inc.</Department>
		<Address>P.O. Box 813, 2948 Auctor, St.</Address>
	</Employee>
	<Employee>
		<FirstName>Evelyn</FirstName>
		<LastName>Hayden</LastName>
		<Email>ante.ipsum.primis@urna.com</Email>
		<Department>Tempus Eu Ligula Corp.</Department>
		<Address>8232 Id, Rd.</Address>
	</Employee>
	<Employee>
		<FirstName>Cora</FirstName>
		<LastName>Linus</LastName>
		<Email>elit.Nulla.facilisi@luctuslobortis.org</Email>
		<Department>Mus Corp.</Department>
		<Address>Ap #146-191 Vel St.</Address>
	</Employee>
	<Employee>
		<FirstName>Hunter</FirstName>
		<LastName>Mufutau</LastName>
		<Email>neque.sed.dictum@magnaPhasellus.edu</Email>
		<Department>Posuere At LLP</Department>
		<Address>2304 Libero Street</Address>
	</Employee>
	<Employee>
		<FirstName>Fatima</FirstName>
		<LastName>Timon</LastName>
		<Email>tempus@enim.co.uk</Email>
		<Department>In Magna Phasellus Corporation</Department>
		<Address>684-5266 Non Rd.</Address>
	</Employee>
	<Employee>
		<FirstName>Paloma</FirstName>
		<LastName>Ferris</LastName>
		<Email>pharetra.felis.eget@semper.ca</Email>
		<Department>Pede Associates</Department>
		<Address>P.O. Box 387, 402 Consequat, Road</Address>
	</Employee>
	<Employee>
		<FirstName>Felicia</FirstName>
		<LastName>Alice</LastName>
		<Email>Etiam.ligula.tortor@Sedet.net</Email>
		<Department>Facilisis PC</Department>
		<Address>183-365 Aenean Road</Address>
	</Employee>
	<Employee>
		<FirstName>Courtney</FirstName>
		<LastName>Timon</LastName>
		<Email>mi.tempor.lorem@enim.com</Email>
		<Department>Malesuada Limited</Department>
		<Address>892-693 Eu, Ave</Address>
	</Employee>
	<Employee>
		<FirstName>Tucker</FirstName>
		<LastName>Clio</LastName>
		<Email>ut@neque.org</Email>
		<Department>Nam Associates</Department>
		<Address>Ap #576-4106 Imperdiet St.</Address>
	</Employee>
	<Employee>
		<FirstName>Stephen</FirstName>
		<LastName>Barrett</LastName>
		<Email>aliquet.libero@natoque.com</Email>
		<Department>Magna Company</Department>
		<Address>173-9366 Magna. St.</Address>
	</Employee>
	<Employee>
		<FirstName>Freya</FirstName>
		<LastName>Emma</LastName>
		<Email>gravida.molestie.arcu@atvelitCras.com</Email>
		<Department>Dolor Sit Corporation</Department>
		<Address>P.O. Box 499, 6078 Neque. Rd.</Address>
	</Employee>
	<Employee>
		<FirstName>Irma</FirstName>
		<LastName>Kaye</LastName>
		<Email>sed.hendrerit@lacusEtiambibendum.co.uk</Email>
		<Department>Aliquam Enim Nec Institute</Department>
		<Address>P.O. Box 826, 6922 Vitae, St.</Address>
	</Employee>
	<Employee>
		<FirstName>Paula</FirstName>
		<LastName>MacKenzie</LastName>
		<Email>neque@necenimNunc.co.uk</Email>
		<Department>Phasellus At Inc.</Department>
		<Address>P.O. Box 590, 7818 Quis, St.</Address>
	</Employee>
	<Employee>
		<FirstName>Kaye</FirstName>
		<LastName>Sean</LastName>
		<Email>nunc@noncursusnon.ca</Email>
		<Department>Non Company</Department>
		<Address>Ap #693-7897 Pharetra Street</Address>
	</Employee>
	<Employee>
		<FirstName>Erasmus</FirstName>
		<LastName>Isaac</LastName>
		<Email>mi@feugiatnecdiam.co.uk</Email>
		<Department>Tellus Suspendisse Industries</Department>
		<Address>2675 Non Av.</Address>
	</Employee>
	<Employee>
		<FirstName>Arsenio</FirstName>
		<LastName>Tasha</LastName>
		<Email>euismod.est@malesuada.co.uk</Email>
		<Department>Dictum Eu Eleifend Industries</Department>
		<Address>9938 Justo St.</Address>
	</Employee>
	<Employee>
		<FirstName>Finn</FirstName>
		<LastName>Sean</LastName>
		<Email>et.arcu@infelis.ca</Email>
		<Department>Lobortis Limited</Department>
		<Address>349-4143 Egestas Street</Address>
	</Employee>
	<Employee>
		<FirstName>Alexander</FirstName>
		<LastName>Indira</LastName>
		<Email>neque.sed@Duissit.com</Email>
		<Department>Non Sapien Corp.</Department>
		<Address>344 Turpis Rd.</Address>
	</Employee>
	<Employee>
		<FirstName>Jamalia</FirstName>
		<LastName>Morgan</LastName>
		<Email>luctus.aliquet@Sedeu.co.uk</Email>
		<Department>Mauris Molestie Corporation</Department>
		<Address>Ap #984-6923 Feugiat Avenue</Address>
	</Employee>
	<Employee>
		<FirstName>Vaughan</FirstName>
		<LastName>Ali</LastName>
		<Email>Phasellus@velitCraslorem.co.uk</Email>
		<Department>Morbi Limited</Department>
		<Address>930-775 Sollicitudin St.</Address>
	</Employee>
	<Employee>
		<FirstName>Quynn</FirstName>
		<LastName>Neil</LastName>
		<Email>erat@enimNunc.ca</Email>
		<Department>Ac Feugiat Non Foundation</Department>
		<Address>P.O. Box 468, 5681 Libero Ave</Address>
	</Employee>
</Employees>
