<?xml version="1.0" encoding="UTF-8" ?><Employees>
	<Employee>
		<FirstName>Hayden</FirstName>
		<LastName>Lewis</LastName>
		<Email>iaculis.quis@risusodioauctor.com</Email>
		<Department>Cras Pellentesque Sed Limited</Department>
		<Address>105-2847 Sit Rd.</Address>
	</Employee>
	<Employee>
		<FirstName>Imogene</FirstName>
		<LastName>Denton</LastName>
		<Email>Aliquam@utnulla.edu</Email>
		<Department>Dictum Phasellus Associates</Department>
		<Address>3360 Risus. Av.</Address>
	</Employee>
	<Employee>
		<FirstName>Herman</FirstName>
		<LastName>Renee</LastName>
		<Email>consequat.lectus@Vivamus.org</Email>
		<Department>Nunc Institute</Department>
		<Address>P.O. Box 331, 9579 Nisi Rd.</Address>
	</Employee>
	<Employee>
		<FirstName>Reuben</FirstName>
		<LastName>Yoshi</LastName>
		<Email>magna.Phasellus@Fusce.org</Email>
		<Department>Fames Corp.</Department>
		<Address>Ap #725-120 Tellus. Road</Address>
	</Employee>
	<Employee>
		<FirstName>Nelle</FirstName>
		<LastName>Stuart</LastName>
		<Email>sed.sapien@nislelementum.ca</Email>
		<Department>Ultrices Mauris Ltd</Department>
		<Address>641-8140 Urna. Street</Address>
	</Employee>
	<Employee>
		<FirstName>Kylie</FirstName>
		<LastName>Kai</LastName>
		<Email>luctus.et@hymenaeosMauris.co.uk</Email>
		<Department>Nunc Mauris Industries</Department>
		<Address>165-4496 Magna. Street</Address>
	</Employee>
	<Employee>
		<FirstName>Jayme</FirstName>
		<LastName>Sigourney</LastName>
		<Email>mauris.Suspendisse.aliquet@Duisvolutpat.edu</Email>
		<Department>Blandit Viverra Donec LLP</Department>
		<Address>P.O. Box 275, 2831 Dolor Rd.</Address>
	</Employee>
	<Employee>
		<FirstName>Harlan</FirstName>
		<LastName>Martena</LastName>
		<Email>commodo.hendrerit@uteros.org</Email>
		<Department>Ut LLC</Department>
		<Address>P.O. Box 353, 6993 Senectus Road</Address>
	</Employee>
	<Employee>
		<FirstName>Robin</FirstName>
		<LastName>Isabella</LastName>
		<Email>Donec.vitae@quistristiqueac.org</Email>
		<Department>Enim Ltd</Department>
		<Address>574-5125 Ac St.</Address>
	</Employee>
	<Employee>
		<FirstName>Alfonso</FirstName>
		<LastName>Nina</LastName>
		<Email>arcu.Sed@amet.org</Email>
		<Department>Est Mollis Non Consulting</Department>
		<Address>132-4473 Eu Street</Address>
	</Employee>
	<Employee>
		<FirstName>Kameko</FirstName>
		<LastName>Herrod</LastName>
		<Email>Suspendisse@quis.edu</Email>
		<Department>Pharetra Felis Industries</Department>
		<Address>P.O. Box 673, 677 Integer Rd.</Address>
	</Employee>
	<Employee>
		<FirstName>Xerxes</FirstName>
		<LastName>Jescie</LastName>
		<Email>nibh.Aliquam.ornare@Nunc.com</Email>
		<Department>Tellus Phasellus Limited</Department>
		<Address>489-3665 Purus Ave</Address>
	</Employee>
	<Employee>
		<FirstName>Noel</FirstName>
		<LastName>Caryn</LastName>
		<Email>est.Nunc@semeget.ca</Email>
		<Department>Tortor At Corp.</Department>
		<Address>2041 Sodales St.</Address>
	</Employee>
	<Employee>
		<FirstName>Erich</FirstName>
		<LastName>Ian</LastName>
		<Email>natoque@nequeSed.ca</Email>
		<Department>Est Industries</Department>
		<Address>P.O. Box 633, 6615 Et Road</Address>
	</Employee>
	<Employee>
		<FirstName>Neve</FirstName>
		<LastName>Calvin</LastName>
		<Email>tortor@quama.ca</Email>
		<Department>Vehicula Pellentesque Inc.</Department>
		<Address>712-2456 Tincidunt Street</Address>
	</Employee>
	<Employee>
		<FirstName>Ulric</FirstName>
		<LastName>Samantha</LastName>
		<Email>enim@malesuadavel.ca</Email>
		<Department>Feugiat LLC</Department>
		<Address>224 Donec Ave</Address>
	</Employee>
	<Employee>
		<FirstName>Abraham</FirstName>
		<LastName>Tad</LastName>
		<Email>senectus.et.netus@imperdietnec.edu</Email>
		<Department>Faucibus Id Libero Corp.</Department>
		<Address>234-1707 Malesuada Rd.</Address>
	</Employee>
	<Employee>
		<FirstName>Malik</FirstName>
		<LastName>Brennan</LastName>
		<Email>imperdiet@felis.ca</Email>
		<Department>Tellus Non Magna Limited</Department>
		<Address>Ap #987-6266 Nunc Ave</Address>
	</Employee>
	<Employee>
		<FirstName>Irene</FirstName>
		<LastName>Oscar</LastName>
		<Email>pede.et@quisdiam.com</Email>
		<Department>Cras Dictum PC</Department>
		<Address>1896 Sagittis Street</Address>
	</Employee>
	<Employee>
		<FirstName>Hanae</FirstName>
		<LastName>Beau</LastName>
		<Email>at.fringilla@velquamdignissim.com</Email>
		<Department>Lacus Vestibulum Institute</Department>
		<Address>Ap #501-948 Et Ave</Address>
	</Employee>
	<Employee>
		<FirstName>Clio</FirstName>
		<LastName>Ashely</LastName>
		<Email>hendrerit.a.arcu@IncondimentumDonec.co.uk</Email>
		<Department>Eu Nulla Limited</Department>
		<Address>471-3258 Condimentum Rd.</Address>
	</Employee>
	<Employee>
		<FirstName>Norman</FirstName>
		<LastName>Marcia</LastName>
		<Email>elit@Suspendisse.ca</Email>
		<Department>Augue Ut Inc.</Department>
		<Address>386-1651 Egestas St.</Address>
	</Employee>
	<Employee>
		<FirstName>Hermione</FirstName>
		<LastName>Brielle</LastName>
		<Email>et.libero@sedconsequatauctor.edu</Email>
		<Department>Felis Orci LLP</Department>
		<Address>Ap #620-9739 Vulputate Ave</Address>
	</Employee>
	<Employee>
		<FirstName>Robert</FirstName>
		<LastName>Alec</LastName>
		<Email>Curabitur.dictum.Phasellus@nibhPhasellusnulla.co.uk</Email>
		<Department>Arcu Vestibulum Ut Ltd</Department>
		<Address>Ap #923-8253 Massa. Road</Address>
	</Employee>
	<Employee>
		<FirstName>Orla</FirstName>
		<LastName>Armand</LastName>
		<Email>interdum@tristique.net</Email>
		<Department>Adipiscing Inc.</Department>
		<Address>934-6207 Feugiat Ave</Address>
	</Employee>
	<Employee>
		<FirstName>Rhiannon</FirstName>
		<LastName>Cheryl</LastName>
		<Email>Integer.id.magna@tellusPhaselluselit.net</Email>
		<Department>Cras Inc.</Department>
		<Address>P.O. Box 424, 1238 Tristique Rd.</Address>
	</Employee>
	<Employee>
		<FirstName>Daria</FirstName>
		<LastName>Pearl</LastName>
		<Email>felis.adipiscing@vitaeeratVivamus.org</Email>
		<Department>Lacus Ut Nec Limited</Department>
		<Address>363-9248 Parturient Avenue</Address>
	</Employee>
	<Employee>
		<FirstName>Ava</FirstName>
		<LastName>Vanna</LastName>
		<Email>sed.hendrerit@Suspendissealiquet.com</Email>
		<Department>Augue Ut Foundation</Department>
		<Address>Ap #271-6891 Sagittis Av.</Address>
	</Employee>
	<Employee>
		<FirstName>Constance</FirstName>
		<LastName>Marcia</LastName>
		<Email>Nulla.facilisi.Sed@Aeneanegestashendrerit.net</Email>
		<Department>Tempor Limited</Department>
		<Address>P.O. Box 521, 4624 Fringilla Street</Address>
	</Employee>
	<Employee>
		<FirstName>Flynn</FirstName>
		<LastName>Jarrod</LastName>
		<Email>Nunc.commodo@lacus.ca</Email>
		<Department>Faucibus Lectus A Institute</Department>
		<Address>P.O. Box 836, 3939 Neque Rd.</Address>
	</Employee>
	<Employee>
		<FirstName>Grady</FirstName>
		<LastName>Price</LastName>
		<Email>risus.odio@fermentum.net</Email>
		<Department>Egestas Company</Department>
		<Address>1064 Id, Street</Address>
	</Employee>
	<Employee>
		<FirstName>Kiona</FirstName>
		<LastName>Felix</LastName>
		<Email>Praesent@risusInmi.net</Email>
		<Department>Eget Ipsum Corp.</Department>
		<Address>7416 Fusce St.</Address>
	</Employee>
	<Employee>
		<FirstName>Hall</FirstName>
		<LastName>Melanie</LastName>
		<Email>nonummy.ac.feugiat@loremloremluctus.com</Email>
		<Department>Et Incorporated</Department>
		<Address>8490 Orci, St.</Address>
	</Employee>
	<Employee>
		<FirstName>Keegan</FirstName>
		<LastName>Serena</LastName>
		<Email>conubia@eratvitae.co.uk</Email>
		<Department>Pharetra Ut Consulting</Department>
		<Address>P.O. Box 156, 6018 Leo. St.</Address>
	</Employee>
	<Employee>
		<FirstName>Audrey</FirstName>
		<LastName>Abbot</LastName>
		<Email>varius.Nam@sitamet.net</Email>
		<Department>Semper Company</Department>
		<Address>755-3766 Mauris Rd.</Address>
	</Employee>
	<Employee>
		<FirstName>Ursula</FirstName>
		<LastName>Margaret</LastName>
		<Email>dolor@Vestibulumut.edu</Email>
		<Department>Nec Ligula Consectetuer Incorporated</Department>
		<Address>P.O. Box 888, 612 Duis St.</Address>
	</Employee>
	<Employee>
		<FirstName>Yuli</FirstName>
		<LastName>Jillian</LastName>
		<Email>quis.urna.Nunc@Morbinonsapien.edu</Email>
		<Department>Sollicitudin Corp.</Department>
		<Address>Ap #456-956 Sit Rd.</Address>
	</Employee>
	<Employee>
		<FirstName>Karly</FirstName>
		<LastName>Xaviera</LastName>
		<Email>luctus@Integersemelit.com</Email>
		<Department>Sit Industries</Department>
		<Address>Ap #743-5284 Arcu St.</Address>
	</Employee>
	<Employee>
		<FirstName>Paloma</FirstName>
		<LastName>Althea</LastName>
		<Email>neque@egetlacus.org</Email>
		<Department>Lectus Sit Amet Corp.</Department>
		<Address>4564 Neque St.</Address>
	</Employee>
	<Employee>
		<FirstName>Dara</FirstName>
		<LastName>Hilda</LastName>
		<Email>vitae.erat.Vivamus@ligulaNullamenim.edu</Email>
		<Department>Interdum Corporation</Department>
		<Address>720-7390 Tincidunt Road</Address>
	</Employee>
	<Employee>
		<FirstName>Neil</FirstName>
		<LastName>Forrest</LastName>
		<Email>adipiscing.elit@egettinciduntdui.edu</Email>
		<Department>Eros Institute</Department>
		<Address>9663 Justo St.</Address>
	</Employee>
	<Employee>
		<FirstName>Sybill</FirstName>
		<LastName>Cheyenne</LastName>
		<Email>sapien@ac.org</Email>
		<Department>Ornare Lectus Consulting</Department>
		<Address>451-8156 Semper St.</Address>
	</Employee>
	<Employee>
		<FirstName>Caleb</FirstName>
		<LastName>Allen</LastName>
		<Email>venenatis.a@euaugueporttitor.co.uk</Email>
		<Department>Adipiscing Industries</Department>
		<Address>P.O. Box 545, 436 Nec Rd.</Address>
	</Employee>
	<Employee>
		<FirstName>Mason</FirstName>
		<LastName>Emma</LastName>
		<Email>non.arcu@dictum.com</Email>
		<Department>Tortor Nibh Sit Consulting</Department>
		<Address>Ap #698-2230 Dis Avenue</Address>
	</Employee>
	<Employee>
		<FirstName>Dominique</FirstName>
		<LastName>Fulton</LastName>
		<Email>Phasellus@dolorsitamet.edu</Email>
		<Department>Fusce Mi Lorem Corp.</Department>
		<Address>Ap #345-6071 Eget Ave</Address>
	</Employee>
	<Employee>
		<FirstName>Jane</FirstName>
		<LastName>Alden</LastName>
		<Email>dolor.sit.amet@idante.edu</Email>
		<Department>Libero Dui Nec Institute</Department>
		<Address>2941 Amet Av.</Address>
	</Employee>
	<Employee>
		<FirstName>Martin</FirstName>
		<LastName>Malcolm</LastName>
		<Email>magna.Ut@magnisdis.co.uk</Email>
		<Department>Ut Lacus Industries</Department>
		<Address>1566 Mollis Avenue</Address>
	</Employee>
	<Employee>
		<FirstName>Bevis</FirstName>
		<LastName>Brittany</LastName>
		<Email>quis.accumsan@molestiepharetranibh.edu</Email>
		<Department>Quisque Ac Company</Department>
		<Address>Ap #362-8456 Erat Street</Address>
	</Employee>
	<Employee>
		<FirstName>Willow</FirstName>
		<LastName>Ferdinand</LastName>
		<Email>Phasellus@quamCurabiturvel.ca</Email>
		<Department>Ut Consulting</Department>
		<Address>8248 Elit. St.</Address>
	</Employee>
	<Employee>
		<FirstName>Skyler</FirstName>
		<LastName>Vera</LastName>
		<Email>fringilla.purus@ProinmiAliquam.edu</Email>
		<Department>Et Rutrum Non Inc.</Department>
		<Address>345-6920 Mauris, Ave</Address>
	</Employee>
	<Employee>
		<FirstName>Galvin</FirstName>
		<LastName>Zeus</LastName>
		<Email>dui.nec.tempus@Nullatincidunt.co.uk</Email>
		<Department>Vel Nisl Quisque Company</Department>
		<Address>P.O. Box 695, 7556 In Rd.</Address>
	</Employee>
	<Employee>
		<FirstName>Nayda</FirstName>
		<LastName>Leigh</LastName>
		<Email>non.quam@aliquetProin.net</Email>
		<Department>Sapien Corp.</Department>
		<Address>P.O. Box 900, 7291 Aliquam Road</Address>
	</Employee>
	<Employee>
		<FirstName>Camilla</FirstName>
		<LastName>Natalie</LastName>
		<Email>facilisis@magnisdisparturient.net</Email>
		<Department>Blandit At Company</Department>
		<Address>7057 Commodo Avenue</Address>
	</Employee>
	<Employee>
		<FirstName>Sophia</FirstName>
		<LastName>Venus</LastName>
		<Email>neque.Nullam@Fusce.edu</Email>
		<Department>Mauris Sagittis Placerat LLP</Department>
		<Address>P.O. Box 606, 8278 Et Road</Address>
	</Employee>
	<Employee>
		<FirstName>Edward</FirstName>
		<LastName>Cassandra</LastName>
		<Email>ipsum.non@CuraeDonec.org</Email>
		<Department>Elit Inc.</Department>
		<Address>Ap #951-5181 Varius. Ave</Address>
	</Employee>
	<Employee>
		<FirstName>Vivien</FirstName>
		<LastName>Savannah</LastName>
		<Email>semper@nibhvulputate.edu</Email>
		<Department>Lacus Limited</Department>
		<Address>Ap #320-8830 A Ave</Address>
	</Employee>
	<Employee>
		<FirstName>Zelenia</FirstName>
		<LastName>Rafael</LastName>
		<Email>eget@ProinmiAliquam.com</Email>
		<Department>Nisi Cum Inc.</Department>
		<Address>P.O. Box 783, 5196 Nec St.</Address>
	</Employee>
	<Employee>
		<FirstName>Linda</FirstName>
		<LastName>Summer</LastName>
		<Email>egestas.blandit.Nam@ultrices.org</Email>
		<Department>Sed Orci LLC</Department>
		<Address>Ap #459-1191 Imperdiet Avenue</Address>
	</Employee>
	<Employee>
		<FirstName>Angela</FirstName>
		<LastName>Jane</LastName>
		<Email>cursus.purus@ac.org</Email>
		<Department>Sed Tortor Associates</Department>
		<Address>Ap #568-4118 Malesuada Avenue</Address>
	</Employee>
	<Employee>
		<FirstName>Scott</FirstName>
		<LastName>Dustin</LastName>
		<Email>Suspendisse.non.leo@lobortis.co.uk</Email>
		<Department>Integer Company</Department>
		<Address>P.O. Box 328, 2071 Consequat Ave</Address>
	</Employee>
	<Employee>
		<FirstName>Sharon</FirstName>
		<LastName>Desirae</LastName>
		<Email>pretium.neque@Maurisnondui.edu</Email>
		<Department>Varius PC</Department>
		<Address>P.O. Box 507, 6242 Penatibus Rd.</Address>
	</Employee>
	<Employee>
		<FirstName>Ryan</FirstName>
		<LastName>Imogene</LastName>
		<Email>ut.cursus.luctus@egestasAliquamnec.com</Email>
		<Department>Duis A Mi Inc.</Department>
		<Address>6897 Iaculis Rd.</Address>
	</Employee>
	<Employee>
		<FirstName>Quincy</FirstName>
		<LastName>Wendy</LastName>
		<Email>scelerisque.mollis.Phasellus@facilisismagna.com</Email>
		<Department>Aliquam Nisl Nulla LLP</Department>
		<Address>Ap #116-4091 Metus Rd.</Address>
	</Employee>
	<Employee>
		<FirstName>Nolan</FirstName>
		<LastName>Camille</LastName>
		<Email>auctor@nibhsit.ca</Email>
		<Department>Cras Convallis Convallis PC</Department>
		<Address>P.O. Box 276, 6716 Quis Avenue</Address>
	</Employee>
	<Employee>
		<FirstName>Davis</FirstName>
		<LastName>Teegan</LastName>
		<Email>sem.ut@ac.edu</Email>
		<Department>Integer Vitae Inc.</Department>
		<Address>4648 A, Ave</Address>
	</Employee>
	<Employee>
		<FirstName>Aileen</FirstName>
		<LastName>Alec</LastName>
		<Email>diam.Pellentesque.habitant@tempor.ca</Email>
		<Department>Varius Nam Corporation</Department>
		<Address>P.O. Box 816, 3155 Facilisis Avenue</Address>
	</Employee>
	<Employee>
		<FirstName>Robert</FirstName>
		<LastName>Kendall</LastName>
		<Email>habitant.morbi.tristique@eusemPellentesque.co.uk</Email>
		<Department>Vulputate Ltd</Department>
		<Address>P.O. Box 558, 4634 Vitae Rd.</Address>
	</Employee>
	<Employee>
		<FirstName>Marsden</FirstName>
		<LastName>Baker</LastName>
		<Email>ullamcorper.velit.in@orci.com</Email>
		<Department>Adipiscing LLC</Department>
		<Address>P.O. Box 209, 572 Lobortis Street</Address>
	</Employee>
	<Employee>
		<FirstName>Gillian</FirstName>
		<LastName>Tate</LastName>
		<Email>malesuada@lectusjusto.org</Email>
		<Department>Ac Foundation</Department>
		<Address>P.O. Box 961, 2481 Blandit. St.</Address>
	</Employee>
	<Employee>
		<FirstName>Holly</FirstName>
		<LastName>Cody</LastName>
		<Email>malesuada.fames@Sed.edu</Email>
		<Department>Proin Dolor Corp.</Department>
		<Address>Ap #803-9657 Erat Rd.</Address>
	</Employee>
	<Employee>
		<FirstName>Raven</FirstName>
		<LastName>Maisie</LastName>
		<Email>ornare.lectus.ante@NullafacilisisSuspendisse.ca</Email>
		<Department>Nunc Sed Pede Consulting</Department>
		<Address>254-175 Est Rd.</Address>
	</Employee>
	<Employee>
		<FirstName>Arsenio</FirstName>
		<LastName>Kasimir</LastName>
		<Email>molestie@Aliquamvulputate.org</Email>
		<Department>Cras Dictum LLP</Department>
		<Address>P.O. Box 625, 7477 Ac Road</Address>
	</Employee>
	<Employee>
		<FirstName>Zelda</FirstName>
		<LastName>Sebastian</LastName>
		<Email>enim.Curabitur.massa@interdumenim.edu</Email>
		<Department>Cursus Corp.</Department>
		<Address>3185 Cursus Rd.</Address>
	</Employee>
	<Employee>
		<FirstName>Tatum</FirstName>
		<LastName>Audra</LastName>
		<Email>diam@necurna.net</Email>
		<Department>Convallis Erat Eget Institute</Department>
		<Address>Ap #696-4146 Mauris St.</Address>
	</Employee>
	<Employee>
		<FirstName>Yardley</FirstName>
		<LastName>Bruno</LastName>
		<Email>Aliquam.gravida.mauris@Sedcongueelit.co.uk</Email>
		<Department>Orci Luctus Et Industries</Department>
		<Address>861-6377 Convallis Ave</Address>
	</Employee>
	<Employee>
		<FirstName>Micah</FirstName>
		<LastName>Aimee</LastName>
		<Email>magna.Duis@semut.co.uk</Email>
		<Department>Feugiat Non Lobortis Company</Department>
		<Address>254-4548 Vehicula. Street</Address>
	</Employee>
	<Employee>
		<FirstName>Orlando</FirstName>
		<LastName>Zachery</LastName>
		<Email>Integer.urna.Vivamus@necimperdietnec.net</Email>
		<Department>Erat LLC</Department>
		<Address>P.O. Box 185, 5890 Blandit St.</Address>
	</Employee>
	<Employee>
		<FirstName>Richard</FirstName>
		<LastName>Alyssa</LastName>
		<Email>fringilla.Donec@eros.edu</Email>
		<Department>Semper Consulting</Department>
		<Address>Ap #192-1798 Integer St.</Address>
	</Employee>
	<Employee>
		<FirstName>Joy</FirstName>
		<LastName>Demetrius</LastName>
		<Email>et.magna.Praesent@loremDonecelementum.com</Email>
		<Department>Natoque Penatibus LLP</Department>
		<Address>6321 Sem Rd.</Address>
	</Employee>
	<Employee>
		<FirstName>Shad</FirstName>
		<LastName>Casey</LastName>
		<Email>Cras@massa.org</Email>
		<Department>Ornare Sagittis Inc.</Department>
		<Address>5286 Massa St.</Address>
	</Employee>
	<Employee>
		<FirstName>Ferdinand</FirstName>
		<LastName>Clare</LastName>
		<Email>non.nisi@acmattissemper.com</Email>
		<Department>Convallis Ante Lectus Limited</Department>
		<Address>722 Erat Av.</Address>
	</Employee>
	<Employee>
		<FirstName>Dante</FirstName>
		<LastName>Astra</LastName>
		<Email>enim.Curabitur@justoPraesentluctus.co.uk</Email>
		<Department>Mauris Associates</Department>
		<Address>Ap #330-3239 Laoreet Av.</Address>
	</Employee>
	<Employee>
		<FirstName>Belle</FirstName>
		<LastName>Paul</LastName>
		<Email>lacus@Morbinonsapien.org</Email>
		<Department>Euismod Mauris Eu Consulting</Department>
		<Address>Ap #876-1827 Quis, Ave</Address>
	</Employee>
	<Employee>
		<FirstName>Tatiana</FirstName>
		<LastName>Ivor</LastName>
		<Email>enim@pulvinararcuet.edu</Email>
		<Department>Neque Et Nunc Inc.</Department>
		<Address>P.O. Box 936, 6961 Cras Avenue</Address>
	</Employee>
	<Employee>
		<FirstName>Kessie</FirstName>
		<LastName>Germaine</LastName>
		<Email>ac@liberoIntegerin.com</Email>
		<Department>Ac Foundation</Department>
		<Address>P.O. Box 831, 1068 Massa. Avenue</Address>
	</Employee>
	<Employee>
		<FirstName>Fuller</FirstName>
		<LastName>Charles</LastName>
		<Email>et.commodo@Fuscefermentumfermentum.com</Email>
		<Department>Mauris Morbi PC</Department>
		<Address>Ap #154-5975 Velit Road</Address>
	</Employee>
	<Employee>
		<FirstName>Kaseem</FirstName>
		<LastName>Gary</LastName>
		<Email>luctus.vulputate.nisi@nisiCumsociis.net</Email>
		<Department>Nec Tempus Mauris Ltd</Department>
		<Address>264-7687 Quam. St.</Address>
	</Employee>
	<Employee>
		<FirstName>Tyrone</FirstName>
		<LastName>Venus</LastName>
		<Email>at.nisi@accumsan.co.uk</Email>
		<Department>Ornare Libero Corporation</Department>
		<Address>265-4492 Montes, Avenue</Address>
	</Employee>
	<Employee>
		<FirstName>Lester</FirstName>
		<LastName>Ivor</LastName>
		<Email>Ut.semper.pretium@dignissimpharetraNam.com</Email>
		<Department>Aliquet Lobortis Company</Department>
		<Address>5692 Varius. Street</Address>
	</Employee>
	<Employee>
		<FirstName>Heidi</FirstName>
		<LastName>Hayes</LastName>
		<Email>pede.Suspendisse.dui@leo.org</Email>
		<Department>Mi Aliquam Gravida Limited</Department>
		<Address>P.O. Box 231, 4420 Elit, Rd.</Address>
	</Employee>
	<Employee>
		<FirstName>Keaton</FirstName>
		<LastName>Zachery</LastName>
		<Email>fermentum@at.co.uk</Email>
		<Department>Vel Turpis Associates</Department>
		<Address>792-379 Augue, Rd.</Address>
	</Employee>
	<Employee>
		<FirstName>Idola</FirstName>
		<LastName>Trevor</LastName>
		<Email>elementum@pretium.co.uk</Email>
		<Department>Est Corp.</Department>
		<Address>635-1251 Ultrices. St.</Address>
	</Employee>
	<Employee>
		<FirstName>Veda</FirstName>
		<LastName>Zelda</LastName>
		<Email>aliquet.sem.ut@sit.com</Email>
		<Department>Maecenas Malesuada Inc.</Department>
		<Address>Ap #853-9311 Gravida Street</Address>
	</Employee>
	<Employee>
		<FirstName>Aristotle</FirstName>
		<LastName>Macaulay</LastName>
		<Email>fringilla@erategetipsum.com</Email>
		<Department>Volutpat Corp.</Department>
		<Address>639-6300 Vel Rd.</Address>
	</Employee>
	<Employee>
		<FirstName>Erin</FirstName>
		<LastName>Eliana</LastName>
		<Email>Ut@eu.net</Email>
		<Department>Quis Urna Nunc Associates</Department>
		<Address>983-3788 Vivamus Street</Address>
	</Employee>
	<Employee>
		<FirstName>Herrod</FirstName>
		<LastName>Ginger</LastName>
		<Email>massa.non@mollis.ca</Email>
		<Department>Ipsum Dolor LLC</Department>
		<Address>P.O. Box 229, 9095 Libero. Road</Address>
	</Employee>
	<Employee>
		<FirstName>Rebecca</FirstName>
		<LastName>Ulric</LastName>
		<Email>consectetuer.rhoncus@Quisqueac.net</Email>
		<Department>Dictum Ultricies Ligula PC</Department>
		<Address>136-3037 Metus Rd.</Address>
	</Employee>
	<Employee>
		<FirstName>Deanna</FirstName>
		<LastName>Kaden</LastName>
		<Email>pede.nonummy@atvelit.net</Email>
		<Department>Urna Foundation</Department>
		<Address>Ap #641-162 Dolor, Rd.</Address>
	</Employee>
	<Employee>
		<FirstName>Zephania</FirstName>
		<LastName>Herman</LastName>
		<Email>gravida.non.sollicitudin@NullafacilisiSed.net</Email>
		<Department>Risus Institute</Department>
		<Address>Ap #189-9512 Amet Road</Address>
	</Employee>
	<Employee>
		<FirstName>Justin</FirstName>
		<LastName>Keefe</LastName>
		<Email>rutrum.Fusce@dictum.edu</Email>
		<Department>Et Incorporated</Department>
		<Address>948-6713 Mattis. Av.</Address>
	</Employee>
</Employees>
