<?xml version="1.0" encoding="UTF-8" ?><Employees>
	<Employee>
		<FirstName>Fay</FirstName>
		<LastName>Griffin</LastName>
		<Email>elit.a.feugiat@eros.net</Email>
		<Department>Turpis Nulla Aliquet LLC</Department>
		<Address>2193 Sociis Rd.</Address>
	</Employee>
	<Employee>
		<FirstName>Zachery</FirstName>
		<LastName>Jerry</LastName>
		<Email>montes.nascetur@erat.co.uk</Email>
		<Department>Quam Dignissim Consulting</Department>
		<Address>8233 Ut St.</Address>
	</Employee>
	<Employee>
		<FirstName>Madeson</FirstName>
		<LastName>Elmo</LastName>
		<Email>id@ullamcorper.edu</Email>
		<Department>Non LLC</Department>
		<Address>P.O. Box 380, 9370 Et Rd.</Address>
	</Employee>
	<Employee>
		<FirstName>Aretha</FirstName>
		<LastName>Sharon</LastName>
		<Email>Donec@sed.net</Email>
		<Department>Donec Fringilla Incorporated</Department>
		<Address>459-5951 Aliquam Av.</Address>
	</Employee>
	<Employee>
		<FirstName>Forrest</FirstName>
		<LastName>George</LastName>
		<Email>dictum.eleifend@famesac.org</Email>
		<Department>Ultricies Adipiscing Enim Company</Department>
		<Address>Ap #637-9289 A Street</Address>
	</Employee>
	<Employee>
		<FirstName>Brett</FirstName>
		<LastName>Kaseem</LastName>
		<Email>nunc.ullamcorper@tinciduntadipiscing.ca</Email>
		<Department>Rhoncus Proin Nisl Foundation</Department>
		<Address>Ap #161-569 Velit. St.</Address>
	</Employee>
	<Employee>
		<FirstName>Idona</FirstName>
		<LastName>Rhiannon</LastName>
		<Email>tincidunt@id.com</Email>
		<Department>Ac Risus Morbi Ltd</Department>
		<Address>216-7376 Nulla St.</Address>
	</Employee>
	<Employee>
		<FirstName>Jade</FirstName>
		<LastName>Alexander</LastName>
		<Email>sed.hendrerit@feugiat.com</Email>
		<Department>Ligula Tortor Corporation</Department>
		<Address>Ap #334-1079 In Rd.</Address>
	</Employee>
	<Employee>
		<FirstName>Isaac</FirstName>
		<LastName>Lisandra</LastName>
		<Email>nisi@eget.com</Email>
		<Department>In Industries</Department>
		<Address>8155 Felis. St.</Address>
	</Employee>
	<Employee>
		<FirstName>Clarke</FirstName>
		<LastName>Salvador</LastName>
		<Email>non@faucibusorciluctus.ca</Email>
		<Department>Donec Dignissim Corporation</Department>
		<Address>299-1371 Hymenaeos. St.</Address>
	</Employee>
	<Employee>
		<FirstName>Clementine</FirstName>
		<LastName>Kieran</LastName>
		<Email>nunc.nulla@interdum.edu</Email>
		<Department>Consequat Auctor Limited</Department>
		<Address>Ap #982-2522 Fusce Avenue</Address>
	</Employee>
	<Employee>
		<FirstName>Doris</FirstName>
		<LastName>Paul</LastName>
		<Email>a.tortor@eratvel.ca</Email>
		<Department>Nullam Company</Department>
		<Address>Ap #813-9187 Massa. Ave</Address>
	</Employee>
	<Employee>
		<FirstName>Anastasia</FirstName>
		<LastName>Oliver</LastName>
		<Email>vulputate.ullamcorper@nonquamPellentesque.co.uk</Email>
		<Department>Lectus Cum Corporation</Department>
		<Address>P.O. Box 970, 3130 Donec Av.</Address>
	</Employee>
	<Employee>
		<FirstName>George</FirstName>
		<LastName>Kaitlin</LastName>
		<Email>fermentum.arcu.Vestibulum@Aliquamadipiscing.net</Email>
		<Department>Nunc Consulting</Department>
		<Address>5226 At Av.</Address>
	</Employee>
	<Employee>
		<FirstName>Caldwell</FirstName>
		<LastName>Elliott</LastName>
		<Email>dis@diamvelarcu.edu</Email>
		<Department>Ut Odio Inc.</Department>
		<Address>5016 Et St.</Address>
	</Employee>
	<Employee>
		<FirstName>Peter</FirstName>
		<LastName>Darrel</LastName>
		<Email>vel.sapien@Duisrisusodio.ca</Email>
		<Department>Cursus Purus Limited</Department>
		<Address>1713 Vitae, Rd.</Address>
	</Employee>
	<Employee>
		<FirstName>Lucy</FirstName>
		<LastName>Kenneth</LastName>
		<Email>mauris.erat.eget@cursuspurusNullam.net</Email>
		<Department>Pede Industries</Department>
		<Address>562-9989 Euismod St.</Address>
	</Employee>
	<Employee>
		<FirstName>Acton</FirstName>
		<LastName>Astra</LastName>
		<Email>Duis@adipiscing.edu</Email>
		<Department>Penatibus Et Magnis Corporation</Department>
		<Address>Ap #741-9123 Venenatis St.</Address>
	</Employee>
	<Employee>
		<FirstName>Bell</FirstName>
		<LastName>Jillian</LastName>
		<Email>lacinia.vitae@semperegestas.net</Email>
		<Department>Imperdiet Institute</Department>
		<Address>P.O. Box 161, 9316 Nec Ave</Address>
	</Employee>
	<Employee>
		<FirstName>Dora</FirstName>
		<LastName>Tyrone</LastName>
		<Email>lorem.lorem@nuncIn.net</Email>
		<Department>Id Ante Nunc PC</Department>
		<Address>9975 Euismod Road</Address>
	</Employee>
	<Employee>
		<FirstName>Adele</FirstName>
		<LastName>Breanna</LastName>
		<Email>a@adipiscingMaurismolestie.org</Email>
		<Department>Duis At Lacus Company</Department>
		<Address>P.O. Box 222, 5173 Posuere Ave</Address>
	</Employee>
	<Employee>
		<FirstName>Rahim</FirstName>
		<LastName>Chloe</LastName>
		<Email>enim@nislMaecenas.ca</Email>
		<Department>Tempor Lorem Eget LLC</Department>
		<Address>2369 Mauris. Ave</Address>
	</Employee>
	<Employee>
		<FirstName>Olga</FirstName>
		<LastName>Lucius</LastName>
		<Email>parturient@posuerevulputatelacus.ca</Email>
		<Department>Et Pede Nunc LLC</Department>
		<Address>Ap #902-4202 Porttitor Street</Address>
	</Employee>
	<Employee>
		<FirstName>Brynn</FirstName>
		<LastName>Kirk</LastName>
		<Email>tellus@nunc.org</Email>
		<Department>Non Limited</Department>
		<Address>Ap #341-3115 Lacus Rd.</Address>
	</Employee>
	<Employee>
		<FirstName>Alexander</FirstName>
		<LastName>Bethany</LastName>
		<Email>justo.faucibus@CraspellentesqueSed.edu</Email>
		<Department>Pulvinar Arcu LLC</Department>
		<Address>403-2209 At, Avenue</Address>
	</Employee>
	<Employee>
		<FirstName>Daquan</FirstName>
		<LastName>Cameron</LastName>
		<Email>accumsan.interdum.libero@rutrumurnanec.ca</Email>
		<Department>Lacus Cras Interdum Inc.</Department>
		<Address>P.O. Box 189, 1411 Donec St.</Address>
	</Employee>
	<Employee>
		<FirstName>Dean</FirstName>
		<LastName>Sydney</LastName>
		<Email>erat.Vivamus.nisi@sapienNuncpulvinar.org</Email>
		<Department>Magna Consulting</Department>
		<Address>883-527 Per St.</Address>
	</Employee>
	<Employee>
		<FirstName>Hope</FirstName>
		<LastName>Murphy</LastName>
		<Email>accumsan.neque.et@Maecenasmalesuada.net</Email>
		<Department>Et Libero Company</Department>
		<Address>157-4979 Integer Avenue</Address>
	</Employee>
	<Employee>
		<FirstName>Channing</FirstName>
		<LastName>Uma</LastName>
		<Email>velit.in@penatibuset.org</Email>
		<Department>Euismod Limited</Department>
		<Address>Ap #965-4221 Sem Avenue</Address>
	</Employee>
	<Employee>
		<FirstName>Germaine</FirstName>
		<LastName>Dennis</LastName>
		<Email>magnis.dis.parturient@nisi.edu</Email>
		<Department>Neque Non Quam Associates</Department>
		<Address>662-7694 Nunc Road</Address>
	</Employee>
	<Employee>
		<FirstName>Dustin</FirstName>
		<LastName>Jayme</LastName>
		<Email>arcu.Morbi.sit@luctusaliquetodio.edu</Email>
		<Department>Donec Nibh Enim Inc.</Department>
		<Address>820-3384 Metus. Rd.</Address>
	</Employee>
	<Employee>
		<FirstName>Nash</FirstName>
		<LastName>Chava</LastName>
		<Email>diam@necurnasuscipit.edu</Email>
		<Department>Eget Odio Aliquam Limited</Department>
		<Address>Ap #871-9319 Lacinia Av.</Address>
	</Employee>
	<Employee>
		<FirstName>Lev</FirstName>
		<LastName>Noble</LastName>
		<Email>leo@aliquam.co.uk</Email>
		<Department>Aenean Eget Magna Ltd</Department>
		<Address>1660 Pellentesque Street</Address>
	</Employee>
	<Employee>
		<FirstName>Slade</FirstName>
		<LastName>Orlando</LastName>
		<Email>sagittis.semper.Nam@tincidunt.co.uk</Email>
		<Department>Nec Tempus Mauris Company</Department>
		<Address>Ap #521-1451 Sagittis Road</Address>
	</Employee>
	<Employee>
		<FirstName>Karina</FirstName>
		<LastName>Jackson</LastName>
		<Email>nibh.lacinia@loremac.co.uk</Email>
		<Department>Cursus Et Magna Consulting</Department>
		<Address>206-1637 Eu Street</Address>
	</Employee>
	<Employee>
		<FirstName>Giselle</FirstName>
		<LastName>Rhea</LastName>
		<Email>ultricies.dignissim@tellusimperdietnon.ca</Email>
		<Department>Dictum Institute</Department>
		<Address>Ap #441-3523 Quis Rd.</Address>
	</Employee>
	<Employee>
		<FirstName>Orli</FirstName>
		<LastName>Madeson</LastName>
		<Email>tincidunt@malesuadaIntegerid.co.uk</Email>
		<Department>Mauris Industries</Department>
		<Address>3600 Sed Rd.</Address>
	</Employee>
	<Employee>
		<FirstName>Nell</FirstName>
		<LastName>Herman</LastName>
		<Email>dui.Cum@velit.com</Email>
		<Department>Dolor Fusce Feugiat Incorporated</Department>
		<Address>P.O. Box 686, 9154 Enim. Street</Address>
	</Employee>
	<Employee>
		<FirstName>Richard</FirstName>
		<LastName>Serina</LastName>
		<Email>Duis@dictum.net</Email>
		<Department>Nascetur Ridiculus Mus LLP</Department>
		<Address>4412 Fringilla. Avenue</Address>
	</Employee>
	<Employee>
		<FirstName>Randall</FirstName>
		<LastName>Laura</LastName>
		<Email>vitae.sodales@lectusrutrum.net</Email>
		<Department>Malesuada Malesuada Foundation</Department>
		<Address>749-6738 Fusce Road</Address>
	</Employee>
	<Employee>
		<FirstName>Jerome</FirstName>
		<LastName>Lesley</LastName>
		<Email>in@Loremipsum.com</Email>
		<Department>Nullam Nisl Maecenas Corporation</Department>
		<Address>P.O. Box 446, 2706 Donec Rd.</Address>
	</Employee>
	<Employee>
		<FirstName>Len</FirstName>
		<LastName>Casey</LastName>
		<Email>pulvinar@vestibulum.net</Email>
		<Department>Dolor Sit Amet LLP</Department>
		<Address>3622 Ultrices St.</Address>
	</Employee>
	<Employee>
		<FirstName>Chelsea</FirstName>
		<LastName>Lucy</LastName>
		<Email>arcu.vel.quam@pulvinar.co.uk</Email>
		<Department>Eu Odio Tristique Foundation</Department>
		<Address>9705 Enim Avenue</Address>
	</Employee>
	<Employee>
		<FirstName>Hayley</FirstName>
		<LastName>Britanney</LastName>
		<Email>natoque.penatibus.et@feugiattelluslorem.edu</Email>
		<Department>Elit LLC</Department>
		<Address>5625 Adipiscing Rd.</Address>
	</Employee>
	<Employee>
		<FirstName>Tamara</FirstName>
		<LastName>Marsden</LastName>
		<Email>elementum.sem.vitae@nisi.org</Email>
		<Department>Aliquet Molestie Corporation</Department>
		<Address>3365 Nisl Road</Address>
	</Employee>
	<Employee>
		<FirstName>Aquila</FirstName>
		<LastName>Ayanna</LastName>
		<Email>nec@lobortistellus.ca</Email>
		<Department>Et PC</Department>
		<Address>P.O. Box 816, 5280 Velit. St.</Address>
	</Employee>
	<Employee>
		<FirstName>Bertha</FirstName>
		<LastName>Lareina</LastName>
		<Email>tellus.Nunc.lectus@Cras.com</Email>
		<Department>Feugiat Nec Ltd</Department>
		<Address>P.O. Box 873, 6283 Mi Av.</Address>
	</Employee>
	<Employee>
		<FirstName>Bethany</FirstName>
		<LastName>Duncan</LastName>
		<Email>eros@augueeu.ca</Email>
		<Department>Mi Institute</Department>
		<Address>P.O. Box 132, 2627 Turpis. Road</Address>
	</Employee>
	<Employee>
		<FirstName>Zia</FirstName>
		<LastName>Joshua</LastName>
		<Email>justo.eu.arcu@Nunc.org</Email>
		<Department>Scelerisque Foundation</Department>
		<Address>627-8380 In Rd.</Address>
	</Employee>
	<Employee>
		<FirstName>Lois</FirstName>
		<LastName>Skyler</LastName>
		<Email>Integer@magnaPraesentinterdum.net</Email>
		<Department>Duis Ac Arcu Industries</Department>
		<Address>P.O. Box 129, 9883 Non, Street</Address>
	</Employee>
	<Employee>
		<FirstName>Dara</FirstName>
		<LastName>Kiona</LastName>
		<Email>lectus.convallis@auctornunc.edu</Email>
		<Department>Felis Purus Ac Limited</Department>
		<Address>P.O. Box 499, 851 Mi Ave</Address>
	</Employee>
	<Employee>
		<FirstName>Sonia</FirstName>
		<LastName>Hedy</LastName>
		<Email>nascetur.ridiculus@Maecenasornareegestas.org</Email>
		<Department>Etiam Bibendum Fermentum Ltd</Department>
		<Address>8708 Tempus Rd.</Address>
	</Employee>
	<Employee>
		<FirstName>Mari</FirstName>
		<LastName>Mercedes</LastName>
		<Email>et.nunc@primis.edu</Email>
		<Department>Massa Suspendisse Foundation</Department>
		<Address>956-3028 Aliquam, Av.</Address>
	</Employee>
	<Employee>
		<FirstName>Neil</FirstName>
		<LastName>Simon</LastName>
		<Email>malesuada.ut.sem@et.edu</Email>
		<Department>Eget Ipsum Suspendisse Company</Department>
		<Address>P.O. Box 499, 8424 Iaculis St.</Address>
	</Employee>
	<Employee>
		<FirstName>Sydnee</FirstName>
		<LastName>Blaine</LastName>
		<Email>et.libero@anteMaecenasmi.ca</Email>
		<Department>Eleifend Vitae LLC</Department>
		<Address>P.O. Box 439, 7439 Enim. St.</Address>
	</Employee>
	<Employee>
		<FirstName>Alea</FirstName>
		<LastName>Camilla</LastName>
		<Email>aliquam@luctusutpellentesque.com</Email>
		<Department>Risus At Fringilla Industries</Department>
		<Address>1970 Vitae Av.</Address>
	</Employee>
	<Employee>
		<FirstName>Wang</FirstName>
		<LastName>Aurora</LastName>
		<Email>sit.amet@tempor.edu</Email>
		<Department>Dui LLC</Department>
		<Address>P.O. Box 278, 1843 Mauris Rd.</Address>
	</Employee>
	<Employee>
		<FirstName>Arsenio</FirstName>
		<LastName>Audra</LastName>
		<Email>Maecenas.ornare@commodoauctor.org</Email>
		<Department>Sed Facilisis Ltd</Department>
		<Address>P.O. Box 584, 5904 Sit Avenue</Address>
	</Employee>
	<Employee>
		<FirstName>Cadman</FirstName>
		<LastName>Ivor</LastName>
		<Email>ullamcorper.viverra@orci.edu</Email>
		<Department>Rhoncus Incorporated</Department>
		<Address>Ap #278-9433 Sed Road</Address>
	</Employee>
	<Employee>
		<FirstName>Olga</FirstName>
		<LastName>Vanna</LastName>
		<Email>lorem.eget.mollis@enim.co.uk</Email>
		<Department>Erat Semper Rutrum Ltd</Department>
		<Address>Ap #590-721 Ante. St.</Address>
	</Employee>
	<Employee>
		<FirstName>Emmanuel</FirstName>
		<LastName>Kato</LastName>
		<Email>Sed.eu.eros@ultricies.com</Email>
		<Department>Donec Egestas Duis LLP</Department>
		<Address>853-3217 Nec Av.</Address>
	</Employee>
	<Employee>
		<FirstName>Victoria</FirstName>
		<LastName>Maryam</LastName>
		<Email>tellus@natoquepenatibus.net</Email>
		<Department>Condimentum Foundation</Department>
		<Address>5905 Lobortis Street</Address>
	</Employee>
	<Employee>
		<FirstName>Lillian</FirstName>
		<LastName>Danielle</LastName>
		<Email>commodo@nonleo.ca</Email>
		<Department>Pede Company</Department>
		<Address>759 Elit, Av.</Address>
	</Employee>
	<Employee>
		<FirstName>Finn</FirstName>
		<LastName>Brenda</LastName>
		<Email>purus@Namporttitor.co.uk</Email>
		<Department>Cras Pellentesque Industries</Department>
		<Address>6484 Senectus Av.</Address>
	</Employee>
	<Employee>
		<FirstName>Patricia</FirstName>
		<LastName>Kenneth</LastName>
		<Email>Donec@ametdapibus.edu</Email>
		<Department>Metus Facilisis PC</Department>
		<Address>8473 Et Avenue</Address>
	</Employee>
	<Employee>
		<FirstName>Signe</FirstName>
		<LastName>Remedios</LastName>
		<Email>in.dolor.Fusce@urna.ca</Email>
		<Department>Penatibus Company</Department>
		<Address>P.O. Box 131, 8304 Commodo Street</Address>
	</Employee>
	<Employee>
		<FirstName>Otto</FirstName>
		<LastName>Kitra</LastName>
		<Email>ipsum@magnaDuisdignissim.edu</Email>
		<Department>Ipsum Ltd</Department>
		<Address>322-2580 Sagittis Avenue</Address>
	</Employee>
	<Employee>
		<FirstName>Amena</FirstName>
		<LastName>Sopoline</LastName>
		<Email>libero.mauris@velesttempor.org</Email>
		<Department>Sed Est Foundation</Department>
		<Address>645 Nulla Road</Address>
	</Employee>
	<Employee>
		<FirstName>Kenyon</FirstName>
		<LastName>Maxwell</LastName>
		<Email>vel.nisl.Quisque@quisarcuvel.edu</Email>
		<Department>Consequat Inc.</Department>
		<Address>P.O. Box 511, 3521 Massa. Avenue</Address>
	</Employee>
	<Employee>
		<FirstName>Shoshana</FirstName>
		<LastName>Harriet</LastName>
		<Email>purus.in@egetlaoreetposuere.net</Email>
		<Department>Cursus Et LLP</Department>
		<Address>9173 Pellentesque Rd.</Address>
	</Employee>
	<Employee>
		<FirstName>Joan</FirstName>
		<LastName>Jessamine</LastName>
		<Email>sed@Pellentesquehabitant.org</Email>
		<Department>Phasellus Elit Company</Department>
		<Address>786-9493 Porttitor Rd.</Address>
	</Employee>
	<Employee>
		<FirstName>Craig</FirstName>
		<LastName>Keegan</LastName>
		<Email>placerat.velit@scelerisquemollisPhasellus.edu</Email>
		<Department>Nulla Aliquet Proin Industries</Department>
		<Address>9604 In Av.</Address>
	</Employee>
	<Employee>
		<FirstName>Amaya</FirstName>
		<LastName>Isadora</LastName>
		<Email>justo@rutrumeuultrices.com</Email>
		<Department>Urna Inc.</Department>
		<Address>543-4215 Tempus Av.</Address>
	</Employee>
	<Employee>
		<FirstName>Kristen</FirstName>
		<LastName>Veronica</LastName>
		<Email>sed@Vivamus.co.uk</Email>
		<Department>Aliquam Gravida Limited</Department>
		<Address>Ap #637-762 Ullamcorper Rd.</Address>
	</Employee>
	<Employee>
		<FirstName>Dominique</FirstName>
		<LastName>Latifah</LastName>
		<Email>Sed@euelitNulla.com</Email>
		<Department>Vulputate Eu Associates</Department>
		<Address>1830 At, Rd.</Address>
	</Employee>
	<Employee>
		<FirstName>Katelyn</FirstName>
		<LastName>Jada</LastName>
		<Email>tempus.scelerisque@euduiCum.com</Email>
		<Department>Purus Nullam LLC</Department>
		<Address>293 Justo. Avenue</Address>
	</Employee>
	<Employee>
		<FirstName>Dara</FirstName>
		<LastName>Olivia</LastName>
		<Email>elit.pretium.et@mauris.net</Email>
		<Department>Placerat Incorporated</Department>
		<Address>P.O. Box 404, 7888 Ornare. Rd.</Address>
	</Employee>
	<Employee>
		<FirstName>Jacob</FirstName>
		<LastName>Lewis</LastName>
		<Email>varius.et@rhoncus.com</Email>
		<Department>Tempor Limited</Department>
		<Address>P.O. Box 966, 9971 Turpis Road</Address>
	</Employee>
	<Employee>
		<FirstName>Desirae</FirstName>
		<LastName>Anthony</LastName>
		<Email>velit.Quisque.varius@dignissim.co.uk</Email>
		<Department>Elit Aliquam Auctor Incorporated</Department>
		<Address>P.O. Box 537, 2867 Id Rd.</Address>
	</Employee>
	<Employee>
		<FirstName>Evan</FirstName>
		<LastName>Hillary</LastName>
		<Email>dui.Suspendisse.ac@eu.co.uk</Email>
		<Department>Cras Pellentesque Foundation</Department>
		<Address>Ap #623-103 Non, Rd.</Address>
	</Employee>
	<Employee>
		<FirstName>Dana</FirstName>
		<LastName>Rhiannon</LastName>
		<Email>eu@congueelit.co.uk</Email>
		<Department>Et Ipsum Cursus Corp.</Department>
		<Address>499-9518 Quam. Av.</Address>
	</Employee>
	<Employee>
		<FirstName>Bert</FirstName>
		<LastName>Hall</LastName>
		<Email>lectus.Cum.sociis@musProin.com</Email>
		<Department>Nulla Inc.</Department>
		<Address>Ap #202-7000 Sed Rd.</Address>
	</Employee>
	<Employee>
		<FirstName>Ahmed</FirstName>
		<LastName>Hyacinth</LastName>
		<Email>tristique.neque@eueratsemper.edu</Email>
		<Department>Libero Nec Ligula Foundation</Department>
		<Address>3469 Euismod Street</Address>
	</Employee>
	<Employee>
		<FirstName>Cleo</FirstName>
		<LastName>Desirae</LastName>
		<Email>Mauris@ridiculusmusProin.edu</Email>
		<Department>Tincidunt Adipiscing Mauris Industries</Department>
		<Address>Ap #595-2524 Amet Rd.</Address>
	</Employee>
	<Employee>
		<FirstName>Garrett</FirstName>
		<LastName>Elliott</LastName>
		<Email>tristique@egetmollislectus.ca</Email>
		<Department>Suspendisse Foundation</Department>
		<Address>4437 Tempor Rd.</Address>
	</Employee>
	<Employee>
		<FirstName>Kai</FirstName>
		<LastName>Yardley</LastName>
		<Email>malesuada@erosnectellus.ca</Email>
		<Department>Senectus LLP</Department>
		<Address>P.O. Box 689, 2999 A Rd.</Address>
	</Employee>
	<Employee>
		<FirstName>Colby</FirstName>
		<LastName>Brent</LastName>
		<Email>arcu@rutrumnonhendrerit.org</Email>
		<Department>Nibh PC</Department>
		<Address>9612 Urna. Ave</Address>
	</Employee>
	<Employee>
		<FirstName>Daquan</FirstName>
		<LastName>Lysandra</LastName>
		<Email>dignissim.tempor@gravida.org</Email>
		<Department>Vel Foundation</Department>
		<Address>980-8023 Enim. Rd.</Address>
	</Employee>
	<Employee>
		<FirstName>Cadman</FirstName>
		<LastName>Freya</LastName>
		<Email>elit.fermentum.risus@Nulla.net</Email>
		<Department>Arcu Imperdiet Ullamcorper Corporation</Department>
		<Address>Ap #250-2925 Nascetur Av.</Address>
	</Employee>
	<Employee>
		<FirstName>Fay</FirstName>
		<LastName>Linda</LastName>
		<Email>a.enim@bibendum.co.uk</Email>
		<Department>Sagittis Consulting</Department>
		<Address>P.O. Box 414, 5187 Quisque Rd.</Address>
	</Employee>
	<Employee>
		<FirstName>Skyler</FirstName>
		<LastName>Stacy</LastName>
		<Email>sagittis.semper.Nam@nonduinec.net</Email>
		<Department>Semper Erat In Foundation</Department>
		<Address>P.O. Box 191, 2862 Purus. Ave</Address>
	</Employee>
	<Employee>
		<FirstName>Nigel</FirstName>
		<LastName>Grant</LastName>
		<Email>rhoncus.Nullam@erosnonenim.net</Email>
		<Department>Accumsan Sed Facilisis Ltd</Department>
		<Address>6122 Integer Street</Address>
	</Employee>
	<Employee>
		<FirstName>Medge</FirstName>
		<LastName>Chaney</LastName>
		<Email>libero.Morbi.accumsan@Quisqueporttitor.co.uk</Email>
		<Department>Convallis Corporation</Department>
		<Address>138-7236 At, Street</Address>
	</Employee>
	<Employee>
		<FirstName>Whoopi</FirstName>
		<LastName>Tobias</LastName>
		<Email>Nulla.tincidunt@orciadipiscingnon.ca</Email>
		<Department>A LLC</Department>
		<Address>2595 Dictum Av.</Address>
	</Employee>
	<Employee>
		<FirstName>Tanner</FirstName>
		<LastName>Nicholas</LastName>
		<Email>elit@eget.ca</Email>
		<Department>Sed Industries</Department>
		<Address>2459 Nisi Av.</Address>
	</Employee>
	<Employee>
		<FirstName>Sara</FirstName>
		<LastName>Shannon</LastName>
		<Email>In.at.pede@Loremipsum.ca</Email>
		<Department>Dapibus Id Blandit LLC</Department>
		<Address>1557 Vestibulum Av.</Address>
	</Employee>
	<Employee>
		<FirstName>Maia</FirstName>
		<LastName>Shaine</LastName>
		<Email>lorem.ipsum.sodales@Morbiaccumsanlaoreet.net</Email>
		<Department>Nullam Consulting</Department>
		<Address>P.O. Box 806, 1117 Praesent Rd.</Address>
	</Employee>
	<Employee>
		<FirstName>Stella</FirstName>
		<LastName>Ulric</LastName>
		<Email>mollis.Integer@vitae.net</Email>
		<Department>Tincidunt Incorporated</Department>
		<Address>P.O. Box 333, 8227 Duis Avenue</Address>
	</Employee>
	<Employee>
		<FirstName>Giselle</FirstName>
		<LastName>Lenore</LastName>
		<Email>lobortis@ligulatortor.edu</Email>
		<Department>Mauris Erat PC</Department>
		<Address>Ap #301-2360 Nibh. St.</Address>
	</Employee>
	<Employee>
		<FirstName>Zorita</FirstName>
		<LastName>Patricia</LastName>
		<Email>tellus.justo@mattis.org</Email>
		<Department>Ad Litora Torquent Foundation</Department>
		<Address>P.O. Box 957, 4240 Non, Rd.</Address>
	</Employee>
</Employees>
