<?xml version="1.0" encoding="UTF-8" ?><Employees>
	<Employee>
		<FirstName>Lysandra</FirstName>
		<LastName>Christine</LastName>
		<Email>luctus.et.ultrices@senectusetnetus.org</Email>
		<Department>Per Conubia Inc.</Department>
		<Address>P.O. Box 554, 1271 Lectus, Rd.</Address>
	</Employee>
	<Employee>
		<FirstName>Eric</FirstName>
		<LastName>Joel</LastName>
		<Email>ultricies.ligula@dui.com</Email>
		<Department>Suspendisse Corporation</Department>
		<Address>Ap #916-5106 Mollis Avenue</Address>
	</Employee>
	<Employee>
		<FirstName>Juliet</FirstName>
		<LastName>Garth</LastName>
		<Email>lacus.Etiam@ut.edu</Email>
		<Department>Lorem Lorem Luctus Institute</Department>
		<Address>518-1637 Facilisis Av.</Address>
	</Employee>
	<Employee>
		<FirstName>Cathleen</FirstName>
		<LastName>Colin</LastName>
		<Email>eget@nonlobortisquis.org</Email>
		<Department>Neque Ltd</Department>
		<Address>P.O. Box 989, 3384 Curabitur Ave</Address>
	</Employee>
	<Employee>
		<FirstName>Rinah</FirstName>
		<LastName>Harriet</LastName>
		<Email>nec.ante@dolorQuisque.com</Email>
		<Department>Orci Luctus Incorporated</Department>
		<Address>P.O. Box 475, 1669 Quam Street</Address>
	</Employee>
	<Employee>
		<FirstName>Mohammad</FirstName>
		<LastName>Inez</LastName>
		<Email>In.mi@magnaSed.ca</Email>
		<Department>Est Consulting</Department>
		<Address>1307 Sit Road</Address>
	</Employee>
	<Employee>
		<FirstName>Suki</FirstName>
		<LastName>Susan</LastName>
		<Email>risus@Sedegetlacus.org</Email>
		<Department>Posuere Cubilia Associates</Department>
		<Address>4265 Sociis Rd.</Address>
	</Employee>
	<Employee>
		<FirstName>Violet</FirstName>
		<LastName>Tucker</LastName>
		<Email>malesuada@ametlorem.org</Email>
		<Department>Non Ante Bibendum Foundation</Department>
		<Address>999-8502 Libero. Road</Address>
	</Employee>
	<Employee>
		<FirstName>Igor</FirstName>
		<LastName>Kibo</LastName>
		<Email>cursus@semmollisdui.com</Email>
		<Department>Quam A Foundation</Department>
		<Address>2971 Dictum St.</Address>
	</Employee>
	<Employee>
		<FirstName>Venus</FirstName>
		<LastName>Cyrus</LastName>
		<Email>mauris.aliquam@augueidante.net</Email>
		<Department>Ut Mi Ltd</Department>
		<Address>P.O. Box 451, 6889 Phasellus Avenue</Address>
	</Employee>
	<Employee>
		<FirstName>Rachel</FirstName>
		<LastName>Zena</LastName>
		<Email>Lorem@penatibusetmagnis.net</Email>
		<Department>Sed Est Nunc Company</Department>
		<Address>Ap #936-5637 Aliquet Rd.</Address>
	</Employee>
	<Employee>
		<FirstName>Audrey</FirstName>
		<LastName>Karina</LastName>
		<Email>arcu.Curabitur.ut@CraspellentesqueSed.org</Email>
		<Department>Semper Erat Institute</Department>
		<Address>896-9031 Aenean Rd.</Address>
	</Employee>
	<Employee>
		<FirstName>Sawyer</FirstName>
		<LastName>Joy</LastName>
		<Email>convallis.ante.lectus@ut.com</Email>
		<Department>Turpis Egestas Fusce Limited</Department>
		<Address>P.O. Box 866, 8989 Nec, Rd.</Address>
	</Employee>
	<Employee>
		<FirstName>Sylvester</FirstName>
		<LastName>Richard</LastName>
		<Email>mi@Etiam.ca</Email>
		<Department>Urna PC</Department>
		<Address>Ap #734-3357 Cras Av.</Address>
	</Employee>
	<Employee>
		<FirstName>Tashya</FirstName>
		<LastName>Alvin</LastName>
		<Email>lorem.eu@nequevenenatis.co.uk</Email>
		<Department>Convallis Erat LLP</Department>
		<Address>8132 Vel Street</Address>
	</Employee>
	<Employee>
		<FirstName>Tanya</FirstName>
		<LastName>Phillip</LastName>
		<Email>suscipit.est.ac@mauris.com</Email>
		<Department>Malesuada PC</Department>
		<Address>Ap #335-5137 Accumsan St.</Address>
	</Employee>
	<Employee>
		<FirstName>Meghan</FirstName>
		<LastName>Raja</LastName>
		<Email>libero@eu.com</Email>
		<Department>Tempus Non LLP</Department>
		<Address>Ap #874-3146 Lorem Avenue</Address>
	</Employee>
	<Employee>
		<FirstName>Timothy</FirstName>
		<LastName>Keely</LastName>
		<Email>nibh.lacinia@mi.org</Email>
		<Department>Turpis Industries</Department>
		<Address>906-3270 Dapibus Ave</Address>
	</Employee>
	<Employee>
		<FirstName>Mary</FirstName>
		<LastName>Aaron</LastName>
		<Email>lacus.Cras.interdum@tempus.ca</Email>
		<Department>Morbi Metus Institute</Department>
		<Address>P.O. Box 527, 2482 Ipsum. St.</Address>
	</Employee>
	<Employee>
		<FirstName>Damon</FirstName>
		<LastName>Chester</LastName>
		<Email>Nulla.facilisi.Sed@molestiesodalesMauris.ca</Email>
		<Department>Vulputate Posuere Associates</Department>
		<Address>Ap #156-5835 Ut Road</Address>
	</Employee>
	<Employee>
		<FirstName>Justin</FirstName>
		<LastName>Renee</LastName>
		<Email>penatibus.et@tristiquesenectus.edu</Email>
		<Department>Blandit Congue In PC</Department>
		<Address>7191 Et Rd.</Address>
	</Employee>
	<Employee>
		<FirstName>Lars</FirstName>
		<LastName>Yen</LastName>
		<Email>odio.Etiam@nullaIntegervulputate.co.uk</Email>
		<Department>Neque Non Quam Corporation</Department>
		<Address>P.O. Box 183, 2052 Neque Road</Address>
	</Employee>
	<Employee>
		<FirstName>Colt</FirstName>
		<LastName>Hyatt</LastName>
		<Email>risus.Donec.egestas@atiaculisquis.com</Email>
		<Department>Tellus Imperdiet Non LLP</Department>
		<Address>P.O. Box 442, 6710 Neque Rd.</Address>
	</Employee>
	<Employee>
		<FirstName>Judah</FirstName>
		<LastName>Stephen</LastName>
		<Email>Aliquam.nisl@tinciduntadipiscingMauris.org</Email>
		<Department>Adipiscing Ligula Institute</Department>
		<Address>Ap #850-1124 Ipsum. Street</Address>
	</Employee>
	<Employee>
		<FirstName>Barrett</FirstName>
		<LastName>Clark</LastName>
		<Email>eu@senectuset.net</Email>
		<Department>Aliquam Rutrum Lorem Corp.</Department>
		<Address>Ap #468-648 Fringilla Rd.</Address>
	</Employee>
	<Employee>
		<FirstName>Hope</FirstName>
		<LastName>Colin</LastName>
		<Email>Suspendisse.dui.Fusce@tellusloremeu.edu</Email>
		<Department>Integer In PC</Department>
		<Address>Ap #791-285 Libero St.</Address>
	</Employee>
	<Employee>
		<FirstName>Imelda</FirstName>
		<LastName>Wendy</LastName>
		<Email>Nunc@tristique.co.uk</Email>
		<Department>Dui Augue Eu Corporation</Department>
		<Address>P.O. Box 800, 8093 Laoreet Rd.</Address>
	</Employee>
	<Employee>
		<FirstName>Jolene</FirstName>
		<LastName>Reuben</LastName>
		<Email>egestas@dignissimtemporarcu.net</Email>
		<Department>Ac Sem Ut LLP</Department>
		<Address>191-8950 Enim Rd.</Address>
	</Employee>
	<Employee>
		<FirstName>Len</FirstName>
		<LastName>Daria</LastName>
		<Email>egestas.Fusce.aliquet@utodiovel.edu</Email>
		<Department>Facilisis Suspendisse Inc.</Department>
		<Address>P.O. Box 899, 4665 Et Rd.</Address>
	</Employee>
	<Employee>
		<FirstName>Hilda</FirstName>
		<LastName>Ava</LastName>
		<Email>nec.ligula@arcuimperdietullamcorper.ca</Email>
		<Department>Pede Malesuada Corporation</Department>
		<Address>P.O. Box 562, 2548 Imperdiet Avenue</Address>
	</Employee>
	<Employee>
		<FirstName>Carolyn</FirstName>
		<LastName>Stacey</LastName>
		<Email>gravida.molestie.arcu@Donec.co.uk</Email>
		<Department>Proin Vel LLP</Department>
		<Address>P.O. Box 952, 2406 Risus, Avenue</Address>
	</Employee>
	<Employee>
		<FirstName>Jaden</FirstName>
		<LastName>Ursa</LastName>
		<Email>id.magna.et@diam.ca</Email>
		<Department>Porttitor Eros Nec Institute</Department>
		<Address>2880 Non Ave</Address>
	</Employee>
	<Employee>
		<FirstName>Athena</FirstName>
		<LastName>Roanna</LastName>
		<Email>tellus@nondapibus.org</Email>
		<Department>Aliquam Adipiscing Institute</Department>
		<Address>113-7458 Nibh. St.</Address>
	</Employee>
	<Employee>
		<FirstName>Emmanuel</FirstName>
		<LastName>Kaseem</LastName>
		<Email>ut.ipsum@justo.net</Email>
		<Department>Donec Egestas Aliquam Industries</Department>
		<Address>P.O. Box 714, 4858 Mauris St.</Address>
	</Employee>
	<Employee>
		<FirstName>Justine</FirstName>
		<LastName>Xander</LastName>
		<Email>gravida.Aliquam@ullamcorpermagnaSed.com</Email>
		<Department>Fermentum LLC</Department>
		<Address>Ap #959-2192 Magnis Rd.</Address>
	</Employee>
	<Employee>
		<FirstName>Ebony</FirstName>
		<LastName>Patience</LastName>
		<Email>malesuada.vel@erat.org</Email>
		<Department>Faucibus Leo Corporation</Department>
		<Address>8336 Odio, Rd.</Address>
	</Employee>
	<Employee>
		<FirstName>Isaiah</FirstName>
		<LastName>Indira</LastName>
		<Email>eget.massa.Suspendisse@NuncmaurisMorbi.edu</Email>
		<Department>Ac Sem Ut Incorporated</Department>
		<Address>9188 Ullamcorper Rd.</Address>
	</Employee>
	<Employee>
		<FirstName>Brenden</FirstName>
		<LastName>Ciara</LastName>
		<Email>Nunc.mauris@sitamet.com</Email>
		<Department>Ipsum Primis In LLP</Department>
		<Address>671-9861 Condimentum. Street</Address>
	</Employee>
	<Employee>
		<FirstName>Tatiana</FirstName>
		<LastName>Bruno</LastName>
		<Email>faucibus.id.libero@vitaepurus.edu</Email>
		<Department>Ac Mattis Corp.</Department>
		<Address>649-9730 Ultrices Rd.</Address>
	</Employee>
	<Employee>
		<FirstName>Ella</FirstName>
		<LastName>Geraldine</LastName>
		<Email>adipiscing.elit@tristiquesenectuset.com</Email>
		<Department>Cras Eget Nisi Ltd</Department>
		<Address>3793 Et, Road</Address>
	</Employee>
	<Employee>
		<FirstName>Jade</FirstName>
		<LastName>Blossom</LastName>
		<Email>Proin.ultrices.Duis@convalliserat.ca</Email>
		<Department>Suspendisse Tristique Neque Corporation</Department>
		<Address>Ap #469-7849 At St.</Address>
	</Employee>
	<Employee>
		<FirstName>Roary</FirstName>
		<LastName>Yoko</LastName>
		<Email>egestas.ligula@tempus.co.uk</Email>
		<Department>Faucibus Ut Nulla Foundation</Department>
		<Address>3628 At Avenue</Address>
	</Employee>
	<Employee>
		<FirstName>Lilah</FirstName>
		<LastName>Dorian</LastName>
		<Email>fermentum.vel.mauris@lorem.com</Email>
		<Department>Sem Pellentesque Industries</Department>
		<Address>250-5752 Non Ave</Address>
	</Employee>
	<Employee>
		<FirstName>Inga</FirstName>
		<LastName>Jelani</LastName>
		<Email>eu@eu.org</Email>
		<Department>Consectetuer Cursus Et Corporation</Department>
		<Address>208-8600 Leo. St.</Address>
	</Employee>
	<Employee>
		<FirstName>Raya</FirstName>
		<LastName>Lucian</LastName>
		<Email>ornare@diam.com</Email>
		<Department>Vitae Company</Department>
		<Address>Ap #840-7166 Donec St.</Address>
	</Employee>
	<Employee>
		<FirstName>Darius</FirstName>
		<LastName>Lane</LastName>
		<Email>accumsan@neceuismod.org</Email>
		<Department>Pellentesque LLC</Department>
		<Address>3678 Lorem Ave</Address>
	</Employee>
	<Employee>
		<FirstName>Adam</FirstName>
		<LastName>Addison</LastName>
		<Email>at.fringilla.purus@nunc.net</Email>
		<Department>Aenean Industries</Department>
		<Address>387-8491 Volutpat. St.</Address>
	</Employee>
	<Employee>
		<FirstName>Amelia</FirstName>
		<LastName>Miriam</LastName>
		<Email>ante@rhoncusNullamvelit.com</Email>
		<Department>Donec Feugiat Metus PC</Department>
		<Address>Ap #452-2241 Semper Rd.</Address>
	</Employee>
	<Employee>
		<FirstName>Gail</FirstName>
		<LastName>Teagan</LastName>
		<Email>Nunc.mauris@sollicitudinadipiscingligula.net</Email>
		<Department>Ante Maecenas Mi Corporation</Department>
		<Address>P.O. Box 616, 227 Nec, St.</Address>
	</Employee>
	<Employee>
		<FirstName>Edan</FirstName>
		<LastName>Tasha</LastName>
		<Email>Cras.convallis@egestas.net</Email>
		<Department>Ac Tellus Suspendisse PC</Department>
		<Address>P.O. Box 110, 8584 Ut St.</Address>
	</Employee>
	<Employee>
		<FirstName>Renee</FirstName>
		<LastName>Brian</LastName>
		<Email>porttitor@dolordapibusgravida.org</Email>
		<Department>Maecenas Malesuada Company</Department>
		<Address>7645 Parturient Rd.</Address>
	</Employee>
	<Employee>
		<FirstName>Gisela</FirstName>
		<LastName>Ciaran</LastName>
		<Email>ornare.lectus@molestie.org</Email>
		<Department>Sociis Foundation</Department>
		<Address>3047 Libero. Rd.</Address>
	</Employee>
	<Employee>
		<FirstName>Avram</FirstName>
		<LastName>Ivy</LastName>
		<Email>nunc.nulla@cursuspurus.ca</Email>
		<Department>Quisque Associates</Department>
		<Address>717-6670 Purus Rd.</Address>
	</Employee>
	<Employee>
		<FirstName>Shafira</FirstName>
		<LastName>Haviva</LastName>
		<Email>amet.consectetuer.adipiscing@et.com</Email>
		<Department>Venenatis Vel Faucibus PC</Department>
		<Address>P.O. Box 404, 4888 Sapien. Street</Address>
	</Employee>
	<Employee>
		<FirstName>Mercedes</FirstName>
		<LastName>Diana</LastName>
		<Email>facilisi.Sed@Proindolor.com</Email>
		<Department>Neque Incorporated</Department>
		<Address>Ap #672-9430 Risus, St.</Address>
	</Employee>
	<Employee>
		<FirstName>Thor</FirstName>
		<LastName>Aileen</LastName>
		<Email>posuere.at.velit@velnislQuisque.net</Email>
		<Department>Ac Eleifend Inc.</Department>
		<Address>Ap #416-5999 Id, Street</Address>
	</Employee>
	<Employee>
		<FirstName>Sarah</FirstName>
		<LastName>Calista</LastName>
		<Email>et.lacinia@Crasvehicula.co.uk</Email>
		<Department>Nunc LLP</Department>
		<Address>Ap #190-4071 Hendrerit Av.</Address>
	</Employee>
	<Employee>
		<FirstName>Ruby</FirstName>
		<LastName>Debra</LastName>
		<Email>magna@Nuncuterat.co.uk</Email>
		<Department>Blandit Foundation</Department>
		<Address>Ap #576-6753 Nulla St.</Address>
	</Employee>
	<Employee>
		<FirstName>Doris</FirstName>
		<LastName>Wylie</LastName>
		<Email>natoque.penatibus.et@fermentum.com</Email>
		<Department>At Foundation</Department>
		<Address>217-1564 Tristique Street</Address>
	</Employee>
	<Employee>
		<FirstName>Tyrone</FirstName>
		<LastName>Eleanor</LastName>
		<Email>vehicula.risus@Maurisutquam.net</Email>
		<Department>Orci LLP</Department>
		<Address>2204 Dui. St.</Address>
	</Employee>
	<Employee>
		<FirstName>Zorita</FirstName>
		<LastName>Mara</LastName>
		<Email>facilisis.lorem.tristique@Aenean.com</Email>
		<Department>Etiam Laoreet Consulting</Department>
		<Address>1419 Sodales St.</Address>
	</Employee>
	<Employee>
		<FirstName>Cameron</FirstName>
		<LastName>Chelsea</LastName>
		<Email>nisl.sem@liberoIntegerin.co.uk</Email>
		<Department>Sed Auctor Odio LLC</Department>
		<Address>P.O. Box 585, 4597 Eros. St.</Address>
	</Employee>
	<Employee>
		<FirstName>Uta</FirstName>
		<LastName>Dalton</LastName>
		<Email>libero.lacus@semmolestie.co.uk</Email>
		<Department>Mus Consulting</Department>
		<Address>P.O. Box 395, 687 Sit Ave</Address>
	</Employee>
	<Employee>
		<FirstName>Acton</FirstName>
		<LastName>Julian</LastName>
		<Email>Cum.sociis.natoque@lacusQuisqueimperdiet.org</Email>
		<Department>Nunc Ullamcorper Eu Company</Department>
		<Address>Ap #307-114 Erat Avenue</Address>
	</Employee>
	<Employee>
		<FirstName>April</FirstName>
		<LastName>Erin</LastName>
		<Email>eget@SednequeSed.net</Email>
		<Department>Sed Pede Company</Department>
		<Address>P.O. Box 399, 4344 Consectetuer Road</Address>
	</Employee>
	<Employee>
		<FirstName>Cameran</FirstName>
		<LastName>Breanna</LastName>
		<Email>nisi@feugiatmetus.com</Email>
		<Department>Risus Consulting</Department>
		<Address>Ap #861-1892 Vitae Street</Address>
	</Employee>
	<Employee>
		<FirstName>Melyssa</FirstName>
		<LastName>Zenia</LastName>
		<Email>enim.diam.vel@semper.net</Email>
		<Department>Iaculis Quis Pede Limited</Department>
		<Address>371-8668 In Avenue</Address>
	</Employee>
	<Employee>
		<FirstName>Cole</FirstName>
		<LastName>Eleanor</LastName>
		<Email>tortor.Integer@ac.com</Email>
		<Department>Velit Limited</Department>
		<Address>P.O. Box 868, 3496 Ultricies Avenue</Address>
	</Employee>
	<Employee>
		<FirstName>Lael</FirstName>
		<LastName>Dana</LastName>
		<Email>egestas@placerategetvenenatis.org</Email>
		<Department>Ut Nulla Cras Ltd</Department>
		<Address>Ap #551-6536 Nonummy Av.</Address>
	</Employee>
	<Employee>
		<FirstName>Leandra</FirstName>
		<LastName>Linus</LastName>
		<Email>quam.vel.sapien@arcuiaculisenim.com</Email>
		<Department>Elit Aliquam Corp.</Department>
		<Address>P.O. Box 901, 4802 Mollis Rd.</Address>
	</Employee>
	<Employee>
		<FirstName>Adria</FirstName>
		<LastName>Addison</LastName>
		<Email>cursus.non.egestas@orciconsectetuereuismod.org</Email>
		<Department>Accumsan Neque Inc.</Department>
		<Address>P.O. Box 368, 7283 Scelerisque Avenue</Address>
	</Employee>
	<Employee>
		<FirstName>Adena</FirstName>
		<LastName>Dane</LastName>
		<Email>placerat.orci.lacus@Nunclectuspede.net</Email>
		<Department>Malesuada Corporation</Department>
		<Address>Ap #792-5071 Mollis. Ave</Address>
	</Employee>
	<Employee>
		<FirstName>Rylee</FirstName>
		<LastName>Dai</LastName>
		<Email>In.mi.pede@molestiein.com</Email>
		<Department>In Molestie Tortor Ltd</Department>
		<Address>6468 Sed Avenue</Address>
	</Employee>
	<Employee>
		<FirstName>Yuli</FirstName>
		<LastName>Macaulay</LastName>
		<Email>erat.in.consectetuer@sagittisplaceratCras.edu</Email>
		<Department>Varius Orci Company</Department>
		<Address>3523 Molestie. Rd.</Address>
	</Employee>
	<Employee>
		<FirstName>Boris</FirstName>
		<LastName>Melissa</LastName>
		<Email>arcu.Vestibulum.ut@aaliquetvel.net</Email>
		<Department>Mattis Velit Corporation</Department>
		<Address>433 Auctor Ave</Address>
	</Employee>
	<Employee>
		<FirstName>Colton</FirstName>
		<LastName>Delilah</LastName>
		<Email>justo.sit@famesacturpis.co.uk</Email>
		<Department>In Scelerisque Company</Department>
		<Address>P.O. Box 334, 9556 Laoreet Avenue</Address>
	</Employee>
	<Employee>
		<FirstName>Harriet</FirstName>
		<LastName>Emma</LastName>
		<Email>Ut.nec.urna@amet.org</Email>
		<Department>Mauris Ut Mi Incorporated</Department>
		<Address>924-6649 Primis St.</Address>
	</Employee>
	<Employee>
		<FirstName>Carolyn</FirstName>
		<LastName>Kaitlin</LastName>
		<Email>massa.rutrum.magna@perconubia.co.uk</Email>
		<Department>Sapien Molestie PC</Department>
		<Address>Ap #310-9763 Dapibus Road</Address>
	</Employee>
	<Employee>
		<FirstName>Brendan</FirstName>
		<LastName>Felix</LastName>
		<Email>parturient@vulputateeuodio.co.uk</Email>
		<Department>Dolor Donec Fringilla Consulting</Department>
		<Address>8005 Id, Street</Address>
	</Employee>
	<Employee>
		<FirstName>Jolene</FirstName>
		<LastName>Barry</LastName>
		<Email>facilisis@dapibusgravidaAliquam.net</Email>
		<Department>Curabitur Egestas Nunc Institute</Department>
		<Address>519-5664 Cursus Ave</Address>
	</Employee>
	<Employee>
		<FirstName>Thaddeus</FirstName>
		<LastName>Willow</LastName>
		<Email>pulvinar.arcu.et@non.co.uk</Email>
		<Department>Integer Vulputate LLC</Department>
		<Address>501-3175 Blandit St.</Address>
	</Employee>
	<Employee>
		<FirstName>Geraldine</FirstName>
		<LastName>Ila</LastName>
		<Email>faucibus.id@erat.com</Email>
		<Department>Hendrerit A Foundation</Department>
		<Address>6498 Nisi. Road</Address>
	</Employee>
	<Employee>
		<FirstName>Craig</FirstName>
		<LastName>Sandra</LastName>
		<Email>Sed@cursus.com</Email>
		<Department>Congue Ltd</Department>
		<Address>Ap #903-5834 Velit Street</Address>
	</Employee>
	<Employee>
		<FirstName>Tarik</FirstName>
		<LastName>Eric</LastName>
		<Email>ac@acmattis.org</Email>
		<Department>Non Nisi Inc.</Department>
		<Address>8657 A Road</Address>
	</Employee>
	<Employee>
		<FirstName>Emerson</FirstName>
		<LastName>Warren</LastName>
		<Email>tellus@egestasFuscealiquet.com</Email>
		<Department>Molestie Foundation</Department>
		<Address>P.O. Box 948, 7304 Ante. Av.</Address>
	</Employee>
	<Employee>
		<FirstName>Hilda</FirstName>
		<LastName>Elijah</LastName>
		<Email>Duis.mi@diamvelarcu.co.uk</Email>
		<Department>Parturient Corporation</Department>
		<Address>3942 Dictum Ave</Address>
	</Employee>
	<Employee>
		<FirstName>Gregory</FirstName>
		<LastName>Hayes</LastName>
		<Email>quis.arcu@urna.co.uk</Email>
		<Department>Consequat Dolor Vitae Limited</Department>
		<Address>1762 Mollis Road</Address>
	</Employee>
	<Employee>
		<FirstName>Quynn</FirstName>
		<LastName>Fay</LastName>
		<Email>augue@Nullam.com</Email>
		<Department>Faucibus LLC</Department>
		<Address>354 Velit. Road</Address>
	</Employee>
	<Employee>
		<FirstName>Chloe</FirstName>
		<LastName>Aubrey</LastName>
		<Email>rutrum@eratnonummy.ca</Email>
		<Department>Vitae Nibh Company</Department>
		<Address>P.O. Box 535, 9671 Mauris St.</Address>
	</Employee>
	<Employee>
		<FirstName>Baker</FirstName>
		<LastName>Mollie</LastName>
		<Email>mattis@vestibulumMaurismagna.org</Email>
		<Department>Pede Blandit Congue Company</Department>
		<Address>978-7368 Ipsum. Avenue</Address>
	</Employee>
	<Employee>
		<FirstName>Barrett</FirstName>
		<LastName>Mara</LastName>
		<Email>at@utlacusNulla.org</Email>
		<Department>Erat Volutpat Corporation</Department>
		<Address>256-6323 Nunc Ave</Address>
	</Employee>
	<Employee>
		<FirstName>Cecilia</FirstName>
		<LastName>Nerea</LastName>
		<Email>lacus.Quisque@Proinvel.edu</Email>
		<Department>At PC</Department>
		<Address>7832 Euismod St.</Address>
	</Employee>
	<Employee>
		<FirstName>Lani</FirstName>
		<LastName>Callum</LastName>
		<Email>egestas.rhoncus@Pellentesque.net</Email>
		<Department>Nibh Aliquam Limited</Department>
		<Address>P.O. Box 431, 4649 Suspendisse Rd.</Address>
	</Employee>
	<Employee>
		<FirstName>Louis</FirstName>
		<LastName>Harriet</LastName>
		<Email>nunc@eleifendnuncrisus.ca</Email>
		<Department>Ut Tincidunt Inc.</Department>
		<Address>P.O. Box 499, 1556 Parturient Rd.</Address>
	</Employee>
	<Employee>
		<FirstName>Eagan</FirstName>
		<LastName>Karleigh</LastName>
		<Email>vestibulum.neque.sed@metus.ca</Email>
		<Department>Eget Institute</Department>
		<Address>655-2810 Dui Ave</Address>
	</Employee>
	<Employee>
		<FirstName>Declan</FirstName>
		<LastName>Sara</LastName>
		<Email>consectetuer.cursus.et@pede.com</Email>
		<Department>Nam Ligula Elit Corp.</Department>
		<Address>5543 Eu Ave</Address>
	</Employee>
	<Employee>
		<FirstName>Bruce</FirstName>
		<LastName>Beverly</LastName>
		<Email>orci.Phasellus.dapibus@pede.org</Email>
		<Department>Aliquet LLP</Department>
		<Address>Ap #246-4127 Turpis. Rd.</Address>
	</Employee>
	<Employee>
		<FirstName>Nicholas</FirstName>
		<LastName>Eugenia</LastName>
		<Email>placerat.eget@vehicula.org</Email>
		<Department>Tincidunt Aliquam Arcu Inc.</Department>
		<Address>8686 Metus. Road</Address>
	</Employee>
	<Employee>
		<FirstName>Micah</FirstName>
		<LastName>Raven</LastName>
		<Email>Nullam.nisl@Donecconsectetuer.net</Email>
		<Department>Nunc Sed Orci Institute</Department>
		<Address>4499 Enim Rd.</Address>
	</Employee>
	<Employee>
		<FirstName>Rooney</FirstName>
		<LastName>Grant</LastName>
		<Email>Morbi@nectempus.org</Email>
		<Department>Ipsum Curabitur Consequat Foundation</Department>
		<Address>P.O. Box 686, 6630 Neque Ave</Address>
	</Employee>
</Employees>
