<?xml version="1.0" encoding="UTF-8" ?><Employees>
	<Employee>
		<FirstName>Heidi</FirstName>
		<LastName>Benjamin</LastName>
		<Email>et@eunibh.com</Email>
		<Department>Donec Elementum Consulting</Department>
		<Address>3549 Nec St.</Address>
	</Employee>
	<Employee>
		<FirstName>Quinn</FirstName>
		<LastName>Shay</LastName>
		<Email>parturient.montes@nulla.org</Email>
		<Department>Tellus Id Ltd</Department>
		<Address>706-9163 Ut, Rd.</Address>
	</Employee>
	<Employee>
		<FirstName>Connor</FirstName>
		<LastName>Gail</LastName>
		<Email>ut.sem@natoque.co.uk</Email>
		<Department>Dictum Corp.</Department>
		<Address>Ap #645-9077 Laoreet St.</Address>
	</Employee>
	<Employee>
		<FirstName>Ezra</FirstName>
		<LastName>Ann</LastName>
		<Email>Fusce.dolor@ligulatortor.org</Email>
		<Department>Ut Nisi Limited</Department>
		<Address>Ap #306-9167 Integer Street</Address>
	</Employee>
	<Employee>
		<FirstName>Madaline</FirstName>
		<LastName>Tamekah</LastName>
		<Email>imperdiet@velturpisAliquam.co.uk</Email>
		<Department>Et LLC</Department>
		<Address>Ap #338-577 Morbi Rd.</Address>
	</Employee>
	<Employee>
		<FirstName>Audrey</FirstName>
		<LastName>Addison</LastName>
		<Email>mauris@consectetueradipiscing.com</Email>
		<Department>Mauris Rhoncus Consulting</Department>
		<Address>P.O. Box 454, 2279 Tincidunt Ave</Address>
	</Employee>
	<Employee>
		<FirstName>Price</FirstName>
		<LastName>Marcia</LastName>
		<Email>venenatis.vel.faucibus@Donec.edu</Email>
		<Department>Purus Duis Elementum Corporation</Department>
		<Address>Ap #148-8775 Ornare, Avenue</Address>
	</Employee>
	<Employee>
		<FirstName>Olympia</FirstName>
		<LastName>Emery</LastName>
		<Email>dolor.sit@ullamcorperviverraMaecenas.org</Email>
		<Department>Donec Egestas Duis Limited</Department>
		<Address>564-972 Eu Avenue</Address>
	</Employee>
	<Employee>
		<FirstName>India</FirstName>
		<LastName>Chantale</LastName>
		<Email>neque.sed@pedeet.org</Email>
		<Department>Tempor Corp.</Department>
		<Address>4683 Est Rd.</Address>
	</Employee>
	<Employee>
		<FirstName>Zephania</FirstName>
		<LastName>Morgan</LastName>
		<Email>Phasellus.fermentum.convallis@nislarcuiaculis.ca</Email>
		<Department>Pede Nunc Sed LLC</Department>
		<Address>508-2265 Nostra, Road</Address>
	</Employee>
	<Employee>
		<FirstName>Mia</FirstName>
		<LastName>Rudyard</LastName>
		<Email>tortor@interdumenimnon.net</Email>
		<Department>Nullam Ut Nisi Incorporated</Department>
		<Address>1516 Felis. Rd.</Address>
	</Employee>
	<Employee>
		<FirstName>Lavinia</FirstName>
		<LastName>Cedric</LastName>
		<Email>interdum.Curabitur@odioNaminterdum.com</Email>
		<Department>Quis Lectus Nullam Consulting</Department>
		<Address>Ap #692-803 Malesuada Road</Address>
	</Employee>
	<Employee>
		<FirstName>Inez</FirstName>
		<LastName>Brett</LastName>
		<Email>convallis.dolor@Aliquamnisl.co.uk</Email>
		<Department>In Condimentum Foundation</Department>
		<Address>Ap #122-1095 Eget, Rd.</Address>
	</Employee>
	<Employee>
		<FirstName>Honorato</FirstName>
		<LastName>Curran</LastName>
		<Email>sem.eget.massa@Vivamusnibh.co.uk</Email>
		<Department>Nec Corp.</Department>
		<Address>205-9146 Velit. St.</Address>
	</Employee>
	<Employee>
		<FirstName>Adam</FirstName>
		<LastName>Wallace</LastName>
		<Email>lorem@pedeNuncsed.org</Email>
		<Department>Et Commodo Inc.</Department>
		<Address>5835 Aenean St.</Address>
	</Employee>
	<Employee>
		<FirstName>Leo</FirstName>
		<LastName>Burke</LastName>
		<Email>eget@Cras.net</Email>
		<Department>Elit Incorporated</Department>
		<Address>Ap #691-1554 Phasellus Ave</Address>
	</Employee>
	<Employee>
		<FirstName>Zenia</FirstName>
		<LastName>Timothy</LastName>
		<Email>tristique.aliquet.Phasellus@gravidanon.com</Email>
		<Department>Non Nisi LLP</Department>
		<Address>655 Ipsum. Street</Address>
	</Employee>
	<Employee>
		<FirstName>Kuame</FirstName>
		<LastName>Astra</LastName>
		<Email>feugiat.tellus@faucibusMorbivehicula.net</Email>
		<Department>Tempor Ltd</Department>
		<Address>452-1662 Auctor. Rd.</Address>
	</Employee>
	<Employee>
		<FirstName>Mikayla</FirstName>
		<LastName>Rhona</LastName>
		<Email>Cras.sed@justonec.net</Email>
		<Department>Felis PC</Department>
		<Address>1882 Lacus. Street</Address>
	</Employee>
	<Employee>
		<FirstName>Ila</FirstName>
		<LastName>Tatyana</LastName>
		<Email>convallis.est.vitae@Inmipede.edu</Email>
		<Department>Ipsum Suspendisse Foundation</Department>
		<Address>Ap #772-2403 A Rd.</Address>
	</Employee>
	<Employee>
		<FirstName>Jason</FirstName>
		<LastName>Dai</LastName>
		<Email>fermentum.vel@primisin.net</Email>
		<Department>Euismod Ac Fermentum Limited</Department>
		<Address>817-8274 Non Rd.</Address>
	</Employee>
	<Employee>
		<FirstName>Zoe</FirstName>
		<LastName>Uriel</LastName>
		<Email>amet@non.edu</Email>
		<Department>In Ltd</Department>
		<Address>Ap #248-691 Cursus Ave</Address>
	</Employee>
	<Employee>
		<FirstName>Zachery</FirstName>
		<LastName>Dacey</LastName>
		<Email>ut@dictumeu.co.uk</Email>
		<Department>Nisl Elementum Company</Department>
		<Address>P.O. Box 960, 1897 Nonummy Street</Address>
	</Employee>
	<Employee>
		<FirstName>Robin</FirstName>
		<LastName>Maggy</LastName>
		<Email>Proin.velit.Sed@gravidaAliquamtincidunt.edu</Email>
		<Department>Iaculis PC</Department>
		<Address>P.O. Box 393, 3233 Pharetra, St.</Address>
	</Employee>
	<Employee>
		<FirstName>Rowan</FirstName>
		<LastName>Christen</LastName>
		<Email>natoque.penatibus@Duisvolutpat.com</Email>
		<Department>Turpis Nec Institute</Department>
		<Address>838-9276 Ipsum Street</Address>
	</Employee>
	<Employee>
		<FirstName>Jamal</FirstName>
		<LastName>Camille</LastName>
		<Email>Cum.sociis.natoque@id.org</Email>
		<Department>Sem Egestas Corp.</Department>
		<Address>P.O. Box 256, 8645 Ante St.</Address>
	</Employee>
	<Employee>
		<FirstName>Dustin</FirstName>
		<LastName>Kaye</LastName>
		<Email>Integer.aliquam.adipiscing@vitaealiquameros.org</Email>
		<Department>Sodales Elit Erat Associates</Department>
		<Address>914-1383 Integer Street</Address>
	</Employee>
	<Employee>
		<FirstName>Blossom</FirstName>
		<LastName>Reese</LastName>
		<Email>dignissim.pharetra@nequeNullamut.com</Email>
		<Department>Mattis Ornare Corporation</Department>
		<Address>4163 Vivamus Road</Address>
	</Employee>
	<Employee>
		<FirstName>Holmes</FirstName>
		<LastName>Tasha</LastName>
		<Email>rutrum.magna.Cras@rhoncusid.ca</Email>
		<Department>Donec Foundation</Department>
		<Address>4304 Dolor. Rd.</Address>
	</Employee>
	<Employee>
		<FirstName>Omar</FirstName>
		<LastName>Sophia</LastName>
		<Email>Nam.tempor@Aliquamerat.org</Email>
		<Department>Euismod LLP</Department>
		<Address>558-4631 Tempus Avenue</Address>
	</Employee>
	<Employee>
		<FirstName>Kirk</FirstName>
		<LastName>Camilla</LastName>
		<Email>Quisque.fringilla.euismod@Nullamvelit.org</Email>
		<Department>Convallis Ante Lectus Industries</Department>
		<Address>884-5284 Sit Street</Address>
	</Employee>
	<Employee>
		<FirstName>Jane</FirstName>
		<LastName>Ruth</LastName>
		<Email>ac@aliquetPhasellusfermentum.org</Email>
		<Department>Dui Augue Corp.</Department>
		<Address>446-8938 Purus Street</Address>
	</Employee>
	<Employee>
		<FirstName>Xander</FirstName>
		<LastName>Armand</LastName>
		<Email>fringilla@magnaa.co.uk</Email>
		<Department>Tellus LLC</Department>
		<Address>P.O. Box 769, 3112 Elementum, Ave</Address>
	</Employee>
	<Employee>
		<FirstName>Delilah</FirstName>
		<LastName>Shannon</LastName>
		<Email>felis.Nulla.tempor@blanditviverra.edu</Email>
		<Department>Nunc Ltd</Department>
		<Address>1882 Nunc Ave</Address>
	</Employee>
	<Employee>
		<FirstName>Ria</FirstName>
		<LastName>Amaya</LastName>
		<Email>Sed.molestie.Sed@etrutrum.ca</Email>
		<Department>Maecenas Iaculis Consulting</Department>
		<Address>P.O. Box 959, 5253 Tellus. St.</Address>
	</Employee>
	<Employee>
		<FirstName>Chelsea</FirstName>
		<LastName>Clare</LastName>
		<Email>odio.a.purus@Duis.co.uk</Email>
		<Department>Porttitor Incorporated</Department>
		<Address>Ap #364-8975 Elementum Av.</Address>
	</Employee>
	<Employee>
		<FirstName>Joelle</FirstName>
		<LastName>Rhona</LastName>
		<Email>elit.dictum.eu@eutellus.co.uk</Email>
		<Department>Eget Associates</Department>
		<Address>Ap #640-5713 Aliquam St.</Address>
	</Employee>
	<Employee>
		<FirstName>Prescott</FirstName>
		<LastName>Caryn</LastName>
		<Email>nec.enim@nunc.co.uk</Email>
		<Department>Nulla Tincidunt Neque Incorporated</Department>
		<Address>Ap #127-7116 Vulputate, St.</Address>
	</Employee>
	<Employee>
		<FirstName>Rhoda</FirstName>
		<LastName>Sydnee</LastName>
		<Email>vel.convallis@ipsumcursusvestibulum.ca</Email>
		<Department>Sed Eu Associates</Department>
		<Address>345-7497 Hendrerit Av.</Address>
	</Employee>
	<Employee>
		<FirstName>Shannon</FirstName>
		<LastName>Jenette</LastName>
		<Email>est.Nunc@odioauctor.com</Email>
		<Department>In LLC</Department>
		<Address>776-7664 Leo. Ave</Address>
	</Employee>
	<Employee>
		<FirstName>Sarah</FirstName>
		<LastName>Xandra</LastName>
		<Email>facilisi.Sed.neque@erosnectellus.edu</Email>
		<Department>Eleifend Nec Incorporated</Department>
		<Address>4101 Nec Avenue</Address>
	</Employee>
	<Employee>
		<FirstName>Hadley</FirstName>
		<LastName>Plato</LastName>
		<Email>nisl.sem@odioEtiam.ca</Email>
		<Department>Sed Sem Egestas Institute</Department>
		<Address>182-9495 Aliquet, Rd.</Address>
	</Employee>
	<Employee>
		<FirstName>Gavin</FirstName>
		<LastName>James</LastName>
		<Email>vehicula@Phaselluselitpede.org</Email>
		<Department>Nec Associates</Department>
		<Address>383-3697 Dictum Rd.</Address>
	</Employee>
	<Employee>
		<FirstName>Aiko</FirstName>
		<LastName>Nolan</LastName>
		<Email>massa.non.ante@tristiqueneque.net</Email>
		<Department>Lorem Semper Company</Department>
		<Address>273-667 Ridiculus Ave</Address>
	</Employee>
	<Employee>
		<FirstName>Sara</FirstName>
		<LastName>Ginger</LastName>
		<Email>nec@egestasadui.org</Email>
		<Department>Nec Leo Morbi Foundation</Department>
		<Address>7095 Tortor, St.</Address>
	</Employee>
	<Employee>
		<FirstName>Anika</FirstName>
		<LastName>Vanna</LastName>
		<Email>dignissim.pharetra@odiovel.net</Email>
		<Department>Ultricies Ornare Elit Corporation</Department>
		<Address>1560 Mi Rd.</Address>
	</Employee>
	<Employee>
		<FirstName>Carol</FirstName>
		<LastName>Oren</LastName>
		<Email>Integer.aliquam.adipiscing@idliberoDonec.ca</Email>
		<Department>At Egestas A Ltd</Department>
		<Address>942-7375 Est Ave</Address>
	</Employee>
	<Employee>
		<FirstName>Jeanette</FirstName>
		<LastName>Whitney</LastName>
		<Email>euismod@malesuadaaugue.ca</Email>
		<Department>Augue Company</Department>
		<Address>Ap #958-1430 Orci Av.</Address>
	</Employee>
	<Employee>
		<FirstName>Jessamine</FirstName>
		<LastName>Bruce</LastName>
		<Email>commodo@tristiquealiquetPhasellus.co.uk</Email>
		<Department>Arcu Nunc Mauris Limited</Department>
		<Address>P.O. Box 987, 875 Molestie Ave</Address>
	</Employee>
	<Employee>
		<FirstName>Drake</FirstName>
		<LastName>Jasper</LastName>
		<Email>fringilla.euismod.enim@velfaucibusid.ca</Email>
		<Department>Eget Ipsum Company</Department>
		<Address>P.O. Box 736, 4682 Fermentum St.</Address>
	</Employee>
	<Employee>
		<FirstName>Dalton</FirstName>
		<LastName>Levi</LastName>
		<Email>faucibus@ipsumCurabitur.org</Email>
		<Department>Rutrum Justo Praesent Foundation</Department>
		<Address>9069 Fusce Rd.</Address>
	</Employee>
	<Employee>
		<FirstName>Finn</FirstName>
		<LastName>Xena</LastName>
		<Email>Aenean.massa@amalesuadaid.edu</Email>
		<Department>Sem Ut PC</Department>
		<Address>Ap #230-1447 Porttitor Rd.</Address>
	</Employee>
	<Employee>
		<FirstName>Uriah</FirstName>
		<LastName>Catherine</LastName>
		<Email>accumsan.interdum@dignissim.ca</Email>
		<Department>Arcu Curabitur Associates</Department>
		<Address>770 Eleifend, Rd.</Address>
	</Employee>
	<Employee>
		<FirstName>Jerome</FirstName>
		<LastName>Armand</LastName>
		<Email>accumsan.convallis@velitjusto.co.uk</Email>
		<Department>Etiam Industries</Department>
		<Address>7544 Neque. Rd.</Address>
	</Employee>
	<Employee>
		<FirstName>Tamara</FirstName>
		<LastName>Yasir</LastName>
		<Email>pharetra@Utsemper.co.uk</Email>
		<Department>Semper Nam Corporation</Department>
		<Address>198-989 Luctus Rd.</Address>
	</Employee>
	<Employee>
		<FirstName>Priscilla</FirstName>
		<LastName>Jacob</LastName>
		<Email>nec.urna@acnullaIn.edu</Email>
		<Department>Et Ltd</Department>
		<Address>Ap #952-3564 Accumsan Rd.</Address>
	</Employee>
	<Employee>
		<FirstName>Anne</FirstName>
		<LastName>Asher</LastName>
		<Email>arcu@mattissemper.edu</Email>
		<Department>Dictum Associates</Department>
		<Address>1616 Molestie Av.</Address>
	</Employee>
	<Employee>
		<FirstName>Quentin</FirstName>
		<LastName>Ariel</LastName>
		<Email>augue@erat.ca</Email>
		<Department>Nisi LLC</Department>
		<Address>934-9510 Ac Avenue</Address>
	</Employee>
	<Employee>
		<FirstName>Mufutau</FirstName>
		<LastName>Wesley</LastName>
		<Email>Nullam@quisturpisvitae.ca</Email>
		<Department>Dui Ltd</Department>
		<Address>172 Nunc St.</Address>
	</Employee>
	<Employee>
		<FirstName>Reece</FirstName>
		<LastName>Jada</LastName>
		<Email>vulputate.risus.a@at.ca</Email>
		<Department>Pretium Et Inc.</Department>
		<Address>781-1297 Elit, St.</Address>
	</Employee>
	<Employee>
		<FirstName>Jameson</FirstName>
		<LastName>Nerea</LastName>
		<Email>dui@tinciduntadipiscingMauris.com</Email>
		<Department>Tristique Neque Consulting</Department>
		<Address>P.O. Box 581, 1543 Metus. St.</Address>
	</Employee>
	<Employee>
		<FirstName>Faith</FirstName>
		<LastName>Lewis</LastName>
		<Email>pharetra.Quisque@congue.net</Email>
		<Department>Faucibus Orci Luctus Consulting</Department>
		<Address>617 Ac St.</Address>
	</Employee>
	<Employee>
		<FirstName>Norman</FirstName>
		<LastName>Yen</LastName>
		<Email>adipiscing.elit@sempertellusid.org</Email>
		<Department>Vel Est Industries</Department>
		<Address>347-7288 Commodo Rd.</Address>
	</Employee>
	<Employee>
		<FirstName>Mechelle</FirstName>
		<LastName>Wynne</LastName>
		<Email>diam.lorem.auctor@acmieleifend.org</Email>
		<Department>Urna LLP</Department>
		<Address>511-3756 Et St.</Address>
	</Employee>
	<Employee>
		<FirstName>Basia</FirstName>
		<LastName>Lionel</LastName>
		<Email>sit.amet.consectetuer@turpisnon.ca</Email>
		<Department>Metus Incorporated</Department>
		<Address>3086 Auctor Rd.</Address>
	</Employee>
	<Employee>
		<FirstName>Ryan</FirstName>
		<LastName>Freya</LastName>
		<Email>nonummy.ut@DonectinciduntDonec.ca</Email>
		<Department>Eu Metus In Institute</Department>
		<Address>573-4796 Metus Road</Address>
	</Employee>
	<Employee>
		<FirstName>Hermione</FirstName>
		<LastName>Hiram</LastName>
		<Email>enim@rutrumloremac.edu</Email>
		<Department>Augue LLC</Department>
		<Address>P.O. Box 571, 8265 Turpis. Street</Address>
	</Employee>
	<Employee>
		<FirstName>Molly</FirstName>
		<LastName>Nomlanga</LastName>
		<Email>egestas@Namnulla.co.uk</Email>
		<Department>Semper Rutrum Foundation</Department>
		<Address>P.O. Box 734, 3378 Euismod Av.</Address>
	</Employee>
	<Employee>
		<FirstName>Jelani</FirstName>
		<LastName>Winifred</LastName>
		<Email>eget@sit.org</Email>
		<Department>Nulla Interdum Limited</Department>
		<Address>Ap #588-8076 Dictum Road</Address>
	</Employee>
	<Employee>
		<FirstName>Adria</FirstName>
		<LastName>Kennedy</LastName>
		<Email>imperdiet.dictum.magna@loremutaliquam.com</Email>
		<Department>Ut Sagittis Lobortis LLP</Department>
		<Address>6033 Ut St.</Address>
	</Employee>
	<Employee>
		<FirstName>Nigel</FirstName>
		<LastName>Montana</LastName>
		<Email>dolor@nonloremvitae.co.uk</Email>
		<Department>Sed Nulla Incorporated</Department>
		<Address>Ap #845-5183 Magna. St.</Address>
	</Employee>
	<Employee>
		<FirstName>Aiko</FirstName>
		<LastName>William</LastName>
		<Email>mauris.id@aultriciesadipiscing.ca</Email>
		<Department>Luctus Et Ultrices Corporation</Department>
		<Address>8072 Posuere Rd.</Address>
	</Employee>
	<Employee>
		<FirstName>Libby</FirstName>
		<LastName>Sacha</LastName>
		<Email>eget@acmi.edu</Email>
		<Department>Enim Corporation</Department>
		<Address>2915 Odio. Street</Address>
	</Employee>
	<Employee>
		<FirstName>Jaquelyn</FirstName>
		<LastName>Emma</LastName>
		<Email>dolor.sit.amet@elitpede.edu</Email>
		<Department>Congue Corporation</Department>
		<Address>451-8346 Tristique Rd.</Address>
	</Employee>
	<Employee>
		<FirstName>Kamal</FirstName>
		<LastName>Fleur</LastName>
		<Email>dictum.cursus@pharetrafelis.net</Email>
		<Department>Ipsum Sodales Purus Associates</Department>
		<Address>P.O. Box 402, 4747 Nec Avenue</Address>
	</Employee>
	<Employee>
		<FirstName>Phyllis</FirstName>
		<LastName>Craig</LastName>
		<Email>velit@vitaenibhDonec.com</Email>
		<Department>Maecenas Libero Ltd</Department>
		<Address>277-8873 Lorem, Av.</Address>
	</Employee>
	<Employee>
		<FirstName>Amy</FirstName>
		<LastName>Kessie</LastName>
		<Email>risus.at@estmaurisrhoncus.com</Email>
		<Department>Ligula Eu Associates</Department>
		<Address>6710 Sed Rd.</Address>
	</Employee>
	<Employee>
		<FirstName>Cora</FirstName>
		<LastName>Samuel</LastName>
		<Email>bibendum@Sed.net</Email>
		<Department>Nulla Institute</Department>
		<Address>P.O. Box 454, 9219 Maecenas Av.</Address>
	</Employee>
	<Employee>
		<FirstName>Ainsley</FirstName>
		<LastName>Basia</LastName>
		<Email>Duis.at@penatibuset.co.uk</Email>
		<Department>Justo Nec Ante Corporation</Department>
		<Address>P.O. Box 979, 4004 Nulla Av.</Address>
	</Employee>
	<Employee>
		<FirstName>Geoffrey</FirstName>
		<LastName>Rudyard</LastName>
		<Email>vestibulum@nisiMauris.co.uk</Email>
		<Department>Blandit Nam Nulla Limited</Department>
		<Address>P.O. Box 155, 9940 Risus Rd.</Address>
	</Employee>
	<Employee>
		<FirstName>Seth</FirstName>
		<LastName>Macey</LastName>
		<Email>augue.Sed.molestie@nonummyFusce.ca</Email>
		<Department>Dui Lectus Rutrum Corp.</Department>
		<Address>2435 Luctus Ave</Address>
	</Employee>
	<Employee>
		<FirstName>Macaulay</FirstName>
		<LastName>Hammett</LastName>
		<Email>vel.arcu.Curabitur@Etiamgravida.edu</Email>
		<Department>Adipiscing Elit Incorporated</Department>
		<Address>535 Convallis Avenue</Address>
	</Employee>
	<Employee>
		<FirstName>Oscar</FirstName>
		<LastName>Bianca</LastName>
		<Email>a.magna.Lorem@ridiculus.net</Email>
		<Department>Pellentesque Massa Lobortis Inc.</Department>
		<Address>P.O. Box 295, 3261 Aenean Road</Address>
	</Employee>
	<Employee>
		<FirstName>Marcia</FirstName>
		<LastName>Shoshana</LastName>
		<Email>non@porttitorvulputateposuere.edu</Email>
		<Department>Tellus Consulting</Department>
		<Address>1597 Nulla. Street</Address>
	</Employee>
	<Employee>
		<FirstName>Lee</FirstName>
		<LastName>Louis</LastName>
		<Email>molestie.dapibus@ipsum.org</Email>
		<Department>Sed Turpis Nec Corporation</Department>
		<Address>330-9757 Commodo Road</Address>
	</Employee>
	<Employee>
		<FirstName>Denton</FirstName>
		<LastName>Jordan</LastName>
		<Email>at.pretium@variuset.org</Email>
		<Department>Risus Inc.</Department>
		<Address>686-5007 Pretium Ave</Address>
	</Employee>
	<Employee>
		<FirstName>Adrian</FirstName>
		<LastName>Caleb</LastName>
		<Email>in.felis@libero.edu</Email>
		<Department>Sollicitudin Corporation</Department>
		<Address>956-4339 Nullam Av.</Address>
	</Employee>
	<Employee>
		<FirstName>Evelyn</FirstName>
		<LastName>Malik</LastName>
		<Email>Donec.est.Nunc@nondui.net</Email>
		<Department>Nonummy Industries</Department>
		<Address>669-1531 Nec, Rd.</Address>
	</Employee>
	<Employee>
		<FirstName>Kathleen</FirstName>
		<LastName>Ivan</LastName>
		<Email>Phasellus@pedeacurna.net</Email>
		<Department>Sollicitudin A Malesuada LLP</Department>
		<Address>Ap #396-5040 A, Avenue</Address>
	</Employee>
	<Employee>
		<FirstName>Ryan</FirstName>
		<LastName>Trevor</LastName>
		<Email>erat@non.edu</Email>
		<Department>Adipiscing Corporation</Department>
		<Address>Ap #180-8338 Nisi Av.</Address>
	</Employee>
	<Employee>
		<FirstName>Felix</FirstName>
		<LastName>Teegan</LastName>
		<Email>euismod.urna.Nullam@ridiculusmusDonec.net</Email>
		<Department>Eros Nec Ltd</Department>
		<Address>8967 Aenean St.</Address>
	</Employee>
	<Employee>
		<FirstName>Martin</FirstName>
		<LastName>George</LastName>
		<Email>vulputate.velit@arcuVestibulumut.org</Email>
		<Department>Lacus Nulla Ltd</Department>
		<Address>892-9719 Dui, Ave</Address>
	</Employee>
	<Employee>
		<FirstName>Kiona</FirstName>
		<LastName>Shafira</LastName>
		<Email>et@Donec.org</Email>
		<Department>Tellus Lorem Eu Institute</Department>
		<Address>Ap #238-6456 Sit Road</Address>
	</Employee>
	<Employee>
		<FirstName>McKenzie</FirstName>
		<LastName>Giselle</LastName>
		<Email>arcu.Vestibulum@lectusCum.com</Email>
		<Department>Velit Corp.</Department>
		<Address>Ap #269-2024 Lorem Rd.</Address>
	</Employee>
	<Employee>
		<FirstName>Adria</FirstName>
		<LastName>Sopoline</LastName>
		<Email>Etiam.imperdiet.dictum@duinec.ca</Email>
		<Department>Molestie Sed Id Institute</Department>
		<Address>P.O. Box 748, 6395 Non, St.</Address>
	</Employee>
	<Employee>
		<FirstName>Gage</FirstName>
		<LastName>Cathleen</LastName>
		<Email>mollis@Aenean.net</Email>
		<Department>Cursus Inc.</Department>
		<Address>Ap #253-5483 Erat Av.</Address>
	</Employee>
	<Employee>
		<FirstName>Kitra</FirstName>
		<LastName>Kelsie</LastName>
		<Email>porttitor.interdum@Mauris.net</Email>
		<Department>Molestie Consulting</Department>
		<Address>P.O. Box 306, 8180 Penatibus Road</Address>
	</Employee>
	<Employee>
		<FirstName>Hiram</FirstName>
		<LastName>Athena</LastName>
		<Email>egestas.nunc.sed@justofaucibuslectus.edu</Email>
		<Department>Cras Eget Nisi PC</Department>
		<Address>P.O. Box 523, 7989 Nam St.</Address>
	</Employee>
	<Employee>
		<FirstName>Shelly</FirstName>
		<LastName>Jemima</LastName>
		<Email>at@intempuseu.net</Email>
		<Department>Donec Est Nunc Industries</Department>
		<Address>P.O. Box 309, 1796 Arcu. Av.</Address>
	</Employee>
	<Employee>
		<FirstName>Hector</FirstName>
		<LastName>Gillian</LastName>
		<Email>purus.sapien.gravida@odioEtiamligula.edu</Email>
		<Department>Feugiat Limited</Department>
		<Address>P.O. Box 886, 3337 Non, Avenue</Address>
	</Employee>
</Employees>
