<?xml version="1.0" encoding="UTF-8" ?><Employees>
	<Employee>
		<FirstName>Lane</FirstName>
		<LastName>Freya</LastName>
		<Email>tincidunt@necluctusfelis.ca</Email>
		<Department>Non Limited</Department>
		<Address>9651 Ipsum Av.</Address>
	</Employee>
	<Employee>
		<FirstName>Zachery</FirstName>
		<LastName>Hector</LastName>
		<Email>Sed.molestie@dictum.co.uk</Email>
		<Department>Semper Corp.</Department>
		<Address>P.O. Box 946, 1461 Diam. Rd.</Address>
	</Employee>
	<Employee>
		<FirstName>Bruce</FirstName>
		<LastName>Miriam</LastName>
		<Email>at.fringilla@aliquetProin.net</Email>
		<Department>Et Ipsum Associates</Department>
		<Address>P.O. Box 220, 4511 Senectus Rd.</Address>
	</Employee>
	<Employee>
		<FirstName>Veda</FirstName>
		<LastName>Orla</LastName>
		<Email>mi.pede@sapienCrasdolor.ca</Email>
		<Department>At PC</Department>
		<Address>6219 Est. St.</Address>
	</Employee>
	<Employee>
		<FirstName>Jessica</FirstName>
		<LastName>Samantha</LastName>
		<Email>quis.arcu@eratvelpede.co.uk</Email>
		<Department>Ac Facilisis Facilisis Foundation</Department>
		<Address>P.O. Box 581, 5852 Dolor. St.</Address>
	</Employee>
	<Employee>
		<FirstName>Beatrice</FirstName>
		<LastName>Colorado</LastName>
		<Email>velit.in@Pellentesque.ca</Email>
		<Department>Ligula Donec LLP</Department>
		<Address>Ap #652-8166 Pharetra St.</Address>
	</Employee>
	<Employee>
		<FirstName>Noelani</FirstName>
		<LastName>Bell</LastName>
		<Email>Nullam@hendreritDonec.ca</Email>
		<Department>Nunc Ltd</Department>
		<Address>P.O. Box 340, 9890 Sollicitudin Road</Address>
	</Employee>
	<Employee>
		<FirstName>Emery</FirstName>
		<LastName>Lyle</LastName>
		<Email>dapibus.id.blandit@ipsum.edu</Email>
		<Department>Tellus Associates</Department>
		<Address>404-1409 Lobortis St.</Address>
	</Employee>
	<Employee>
		<FirstName>Amy</FirstName>
		<LastName>Garrison</LastName>
		<Email>elit@nullaIntegerurna.org</Email>
		<Department>Nec Tempus Corp.</Department>
		<Address>638-9815 Netus Rd.</Address>
	</Employee>
	<Employee>
		<FirstName>Carla</FirstName>
		<LastName>Amena</LastName>
		<Email>tristique.aliquet.Phasellus@ligulaeuenim.edu</Email>
		<Department>Nunc Ltd</Department>
		<Address>P.O. Box 888, 3154 Auctor St.</Address>
	</Employee>
	<Employee>
		<FirstName>Odysseus</FirstName>
		<LastName>Karyn</LastName>
		<Email>sem.Nulla.interdum@nisi.edu</Email>
		<Department>Donec Luctus Aliquet Limited</Department>
		<Address>P.O. Box 395, 7448 Aliquam Street</Address>
	</Employee>
	<Employee>
		<FirstName>Brynn</FirstName>
		<LastName>Joseph</LastName>
		<Email>faucibus@liberoProin.edu</Email>
		<Department>Nulla Magna Malesuada Corporation</Department>
		<Address>754-6907 Gravida Avenue</Address>
	</Employee>
	<Employee>
		<FirstName>Macey</FirstName>
		<LastName>Kathleen</LastName>
		<Email>non.lobortis.quis@odioPhasellusat.co.uk</Email>
		<Department>Quisque Ac Inc.</Department>
		<Address>6293 Et Road</Address>
	</Employee>
	<Employee>
		<FirstName>Jolene</FirstName>
		<LastName>Jolie</LastName>
		<Email>enim.Sed@Curabitursed.edu</Email>
		<Department>Nec Company</Department>
		<Address>Ap #421-9699 Elit, Road</Address>
	</Employee>
	<Employee>
		<FirstName>Ariel</FirstName>
		<LastName>Celeste</LastName>
		<Email>Donec.nibh@fermentumvelmauris.org</Email>
		<Department>Commodo Ltd</Department>
		<Address>1248 Pharetra. Rd.</Address>
	</Employee>
	<Employee>
		<FirstName>Rama</FirstName>
		<LastName>Paula</LastName>
		<Email>ac.turpis@condimentumDonecat.ca</Email>
		<Department>Et Magnis Dis Industries</Department>
		<Address>7714 Auctor Road</Address>
	</Employee>
	<Employee>
		<FirstName>Dakota</FirstName>
		<LastName>Nero</LastName>
		<Email>pede.nonummy.ut@neque.com</Email>
		<Department>Dolor Corporation</Department>
		<Address>174-3596 Natoque Road</Address>
	</Employee>
	<Employee>
		<FirstName>Alvin</FirstName>
		<LastName>Rebekah</LastName>
		<Email>at.libero.Morbi@lectus.ca</Email>
		<Department>Tincidunt Consulting</Department>
		<Address>2259 Et Ave</Address>
	</Employee>
	<Employee>
		<FirstName>Risa</FirstName>
		<LastName>Tasha</LastName>
		<Email>Praesent.interdum@augue.ca</Email>
		<Department>Egestas Urna Ltd</Department>
		<Address>Ap #916-8809 Aenean St.</Address>
	</Employee>
	<Employee>
		<FirstName>Raven</FirstName>
		<LastName>Sasha</LastName>
		<Email>risus.Nulla.eget@atvelitCras.com</Email>
		<Department>Curabitur Consulting</Department>
		<Address>P.O. Box 200, 1199 Convallis Av.</Address>
	</Employee>
	<Employee>
		<FirstName>Marcia</FirstName>
		<LastName>MacKensie</LastName>
		<Email>nonummy.ipsum@hendrerit.net</Email>
		<Department>Donec At LLP</Department>
		<Address>332-7679 Magnis Avenue</Address>
	</Employee>
	<Employee>
		<FirstName>Karly</FirstName>
		<LastName>Sloane</LastName>
		<Email>Phasellus.vitae@enimnonnisi.ca</Email>
		<Department>Pede Cras Vulputate Institute</Department>
		<Address>Ap #634-7564 Sed St.</Address>
	</Employee>
	<Employee>
		<FirstName>Erica</FirstName>
		<LastName>Armando</LastName>
		<Email>pharetra.nibh@malesuadaIntegerid.org</Email>
		<Department>Rhoncus Consulting</Department>
		<Address>7166 Et Ave</Address>
	</Employee>
	<Employee>
		<FirstName>Tasha</FirstName>
		<LastName>Danielle</LastName>
		<Email>luctus.ipsum@pellentesquemassa.org</Email>
		<Department>Fringilla Porttitor Associates</Department>
		<Address>102-9611 Sit Av.</Address>
	</Employee>
	<Employee>
		<FirstName>Kareem</FirstName>
		<LastName>Adria</LastName>
		<Email>Cras@montes.org</Email>
		<Department>Dictum Eleifend Institute</Department>
		<Address>Ap #200-9310 Convallis, Street</Address>
	</Employee>
	<Employee>
		<FirstName>Priscilla</FirstName>
		<LastName>Lyle</LastName>
		<Email>lacus@ultricies.net</Email>
		<Department>Eu Company</Department>
		<Address>Ap #740-6036 Neque. Avenue</Address>
	</Employee>
	<Employee>
		<FirstName>Elaine</FirstName>
		<LastName>Rashad</LastName>
		<Email>cubilia.Curae.Donec@Vivamussit.ca</Email>
		<Department>Dolor Sit Limited</Department>
		<Address>459-5260 Cras Rd.</Address>
	</Employee>
	<Employee>
		<FirstName>Felicia</FirstName>
		<LastName>Christine</LastName>
		<Email>fringilla.est@bibendumullamcorperDuis.com</Email>
		<Department>Aliquet Industries</Department>
		<Address>5451 Consequat Street</Address>
	</Employee>
	<Employee>
		<FirstName>Simon</FirstName>
		<LastName>Vincent</LastName>
		<Email>lacinia.vitae@arcuMorbisit.co.uk</Email>
		<Department>Dictum Placerat Limited</Department>
		<Address>P.O. Box 466, 4712 Nulla Street</Address>
	</Employee>
	<Employee>
		<FirstName>Xandra</FirstName>
		<LastName>Laura</LastName>
		<Email>ultrices@necurnaet.org</Email>
		<Department>Laoreet Ipsum LLC</Department>
		<Address>4168 Nulla. St.</Address>
	</Employee>
	<Employee>
		<FirstName>Cameron</FirstName>
		<LastName>Maryam</LastName>
		<Email>In.mi@pharetraQuisqueac.co.uk</Email>
		<Department>Sit Amet Corp.</Department>
		<Address>294-1767 Nec, Ave</Address>
	</Employee>
	<Employee>
		<FirstName>Walter</FirstName>
		<LastName>Ursula</LastName>
		<Email>Sed.et@purusinmolestie.com</Email>
		<Department>Justo Sit Amet PC</Department>
		<Address>P.O. Box 707, 8923 Tellus Rd.</Address>
	</Employee>
	<Employee>
		<FirstName>Aurelia</FirstName>
		<LastName>Caleb</LastName>
		<Email>magnis.dis.parturient@acorciUt.net</Email>
		<Department>Vivamus Molestie Dapibus Inc.</Department>
		<Address>640-2725 Ligula. Av.</Address>
	</Employee>
	<Employee>
		<FirstName>Ramona</FirstName>
		<LastName>Clayton</LastName>
		<Email>amet.dapibus@seddolor.org</Email>
		<Department>Cum Sociis Corp.</Department>
		<Address>728-8163 Dolor. Avenue</Address>
	</Employee>
	<Employee>
		<FirstName>Hashim</FirstName>
		<LastName>Damon</LastName>
		<Email>vitae.diam.Proin@semmolestie.com</Email>
		<Department>Non Justo Proin LLC</Department>
		<Address>2880 Sed Av.</Address>
	</Employee>
	<Employee>
		<FirstName>Boris</FirstName>
		<LastName>Hamish</LastName>
		<Email>Nunc.ac@In.edu</Email>
		<Department>Velit Aliquam Nisl LLP</Department>
		<Address>Ap #728-4262 Maecenas St.</Address>
	</Employee>
	<Employee>
		<FirstName>Judah</FirstName>
		<LastName>Gloria</LastName>
		<Email>In@nunc.com</Email>
		<Department>Malesuada LLC</Department>
		<Address>Ap #972-9210 Aliquet. Street</Address>
	</Employee>
	<Employee>
		<FirstName>Raven</FirstName>
		<LastName>Alexis</LastName>
		<Email>sollicitudin@pretium.edu</Email>
		<Department>Sapien Cras Foundation</Department>
		<Address>409-9735 Tincidunt. St.</Address>
	</Employee>
	<Employee>
		<FirstName>Kennan</FirstName>
		<LastName>Brielle</LastName>
		<Email>quis.diam@ipsum.com</Email>
		<Department>Malesuada Vel Associates</Department>
		<Address>P.O. Box 503, 543 Eget Road</Address>
	</Employee>
	<Employee>
		<FirstName>Charlotte</FirstName>
		<LastName>Thaddeus</LastName>
		<Email>vitae.erat.vel@cubilia.edu</Email>
		<Department>Vitae PC</Department>
		<Address>6629 Nulla Street</Address>
	</Employee>
	<Employee>
		<FirstName>Jasmine</FirstName>
		<LastName>Keelie</LastName>
		<Email>nunc@IntegermollisInteger.ca</Email>
		<Department>Dui Cras Inc.</Department>
		<Address>8770 Et Street</Address>
	</Employee>
	<Employee>
		<FirstName>Tatyana</FirstName>
		<LastName>Kermit</LastName>
		<Email>erat@idantedictum.net</Email>
		<Department>Urna Justo Inc.</Department>
		<Address>863-1771 Erat Rd.</Address>
	</Employee>
	<Employee>
		<FirstName>Sloane</FirstName>
		<LastName>Bruno</LastName>
		<Email>vel.faucibus@Integerin.com</Email>
		<Department>Nulla Institute</Department>
		<Address>243-5898 Parturient St.</Address>
	</Employee>
	<Employee>
		<FirstName>Alvin</FirstName>
		<LastName>Malik</LastName>
		<Email>nunc.Quisque@dolor.co.uk</Email>
		<Department>At Foundation</Department>
		<Address>103 Augue Av.</Address>
	</Employee>
	<Employee>
		<FirstName>Hedda</FirstName>
		<LastName>Emily</LastName>
		<Email>egestas@liberoest.com</Email>
		<Department>Neque Sed Dictum Associates</Department>
		<Address>5302 Tristique St.</Address>
	</Employee>
	<Employee>
		<FirstName>Walter</FirstName>
		<LastName>Quinlan</LastName>
		<Email>quam.elementum.at@semegestasblandit.co.uk</Email>
		<Department>Ultrices Iaculis Odio LLC</Department>
		<Address>1967 Dignissim St.</Address>
	</Employee>
	<Employee>
		<FirstName>Ferris</FirstName>
		<LastName>Jameson</LastName>
		<Email>auctor.odio@acmattisvelit.net</Email>
		<Department>Nunc LLC</Department>
		<Address>522-3672 Lorem Rd.</Address>
	</Employee>
	<Employee>
		<FirstName>Graiden</FirstName>
		<LastName>Mara</LastName>
		<Email>nec@facilisis.net</Email>
		<Department>Ac Company</Department>
		<Address>806-4937 Venenatis St.</Address>
	</Employee>
	<Employee>
		<FirstName>Orlando</FirstName>
		<LastName>Halee</LastName>
		<Email>erat.volutpat.Nulla@velit.org</Email>
		<Department>Fermentum Limited</Department>
		<Address>Ap #338-4332 Sit St.</Address>
	</Employee>
	<Employee>
		<FirstName>Jacob</FirstName>
		<LastName>Pandora</LastName>
		<Email>malesuada.augue@ultriciesadipiscingenim.ca</Email>
		<Department>Purus Industries</Department>
		<Address>928 Est. Av.</Address>
	</Employee>
	<Employee>
		<FirstName>Wing</FirstName>
		<LastName>Hamilton</LastName>
		<Email>lorem@nullaInteger.co.uk</Email>
		<Department>Dui Cras Pellentesque Industries</Department>
		<Address>443-262 Ac Rd.</Address>
	</Employee>
	<Employee>
		<FirstName>Raven</FirstName>
		<LastName>Taylor</LastName>
		<Email>quis.diam.Pellentesque@afacilisis.org</Email>
		<Department>Neque Tellus Imperdiet Consulting</Department>
		<Address>P.O. Box 686, 9513 Odio Rd.</Address>
	</Employee>
	<Employee>
		<FirstName>Oscar</FirstName>
		<LastName>Acton</LastName>
		<Email>hendrerit.a.arcu@SeddictumProin.ca</Email>
		<Department>Dapibus Ltd</Department>
		<Address>202-1805 Eu Avenue</Address>
	</Employee>
	<Employee>
		<FirstName>Gary</FirstName>
		<LastName>Ashely</LastName>
		<Email>morbi@Crasinterdum.co.uk</Email>
		<Department>Vitae Purus LLP</Department>
		<Address>2501 Pellentesque Ave</Address>
	</Employee>
	<Employee>
		<FirstName>Cleo</FirstName>
		<LastName>Ryan</LastName>
		<Email>eu@natoquepenatibuset.org</Email>
		<Department>Sed Nulla Ltd</Department>
		<Address>354 Odio. Av.</Address>
	</Employee>
	<Employee>
		<FirstName>Desirae</FirstName>
		<LastName>Hayfa</LastName>
		<Email>hymenaeos.Mauris@risusDonec.com</Email>
		<Department>Enim Mi Foundation</Department>
		<Address>2714 Tellus. St.</Address>
	</Employee>
	<Employee>
		<FirstName>Walter</FirstName>
		<LastName>Igor</LastName>
		<Email>a@nec.net</Email>
		<Department>Mauris Corp.</Department>
		<Address>2570 Et St.</Address>
	</Employee>
	<Employee>
		<FirstName>Brody</FirstName>
		<LastName>Urielle</LastName>
		<Email>vehicula@arcuVestibulumante.com</Email>
		<Department>Non Quam Pellentesque Foundation</Department>
		<Address>8477 Sed St.</Address>
	</Employee>
	<Employee>
		<FirstName>Audra</FirstName>
		<LastName>Basia</LastName>
		<Email>Cras@Phasellusornare.ca</Email>
		<Department>Et Ipsum Cursus Limited</Department>
		<Address>554-7059 Phasellus Rd.</Address>
	</Employee>
	<Employee>
		<FirstName>Courtney</FirstName>
		<LastName>Tashya</LastName>
		<Email>ipsum@nuncnulla.co.uk</Email>
		<Department>Sed Sapien PC</Department>
		<Address>4760 A, Street</Address>
	</Employee>
	<Employee>
		<FirstName>Kameko</FirstName>
		<LastName>Dawn</LastName>
		<Email>amet.ornare@commodoat.org</Email>
		<Department>Interdum Enim Limited</Department>
		<Address>P.O. Box 148, 9519 Nunc Av.</Address>
	</Employee>
	<Employee>
		<FirstName>Jolene</FirstName>
		<LastName>Clare</LastName>
		<Email>suscipit@Integervitae.org</Email>
		<Department>Interdum Nunc Sollicitudin Institute</Department>
		<Address>Ap #729-1316 Ligula. St.</Address>
	</Employee>
	<Employee>
		<FirstName>Melyssa</FirstName>
		<LastName>Molly</LastName>
		<Email>sapien.Aenean.massa@consequatdolorvitae.edu</Email>
		<Department>Quam A Felis Ltd</Department>
		<Address>828-2643 Metus. St.</Address>
	</Employee>
	<Employee>
		<FirstName>Jolene</FirstName>
		<LastName>Jolie</LastName>
		<Email>posuere@aptent.co.uk</Email>
		<Department>Donec Tincidunt Limited</Department>
		<Address>3752 Egestas Av.</Address>
	</Employee>
	<Employee>
		<FirstName>Tiger</FirstName>
		<LastName>Solomon</LastName>
		<Email>eu.eros.Nam@est.net</Email>
		<Department>Nec Urna Suscipit Inc.</Department>
		<Address>Ap #129-6349 Arcu. Avenue</Address>
	</Employee>
	<Employee>
		<FirstName>Sade</FirstName>
		<LastName>Neville</LastName>
		<Email>elit.pharetra.ut@cursuspurusNullam.ca</Email>
		<Department>Neque Et PC</Department>
		<Address>562 Nibh Ave</Address>
	</Employee>
	<Employee>
		<FirstName>Joan</FirstName>
		<LastName>Lamar</LastName>
		<Email>Nunc.quis.arcu@antelectus.org</Email>
		<Department>Eu Corp.</Department>
		<Address>Ap #711-4085 Ac St.</Address>
	</Employee>
	<Employee>
		<FirstName>Larissa</FirstName>
		<LastName>Winter</LastName>
		<Email>egestas@amet.org</Email>
		<Department>Sed Id LLP</Department>
		<Address>867-262 Dolor, Ave</Address>
	</Employee>
	<Employee>
		<FirstName>Morgan</FirstName>
		<LastName>Tallulah</LastName>
		<Email>tincidunt.aliquam@ultrices.org</Email>
		<Department>Velit Dui Semper Company</Department>
		<Address>P.O. Box 184, 9036 Fermentum Ave</Address>
	</Employee>
	<Employee>
		<FirstName>Fleur</FirstName>
		<LastName>Beck</LastName>
		<Email>pede.Cras@Aeneaneget.edu</Email>
		<Department>Ultrices Ltd</Department>
		<Address>Ap #241-8019 Vitae, Rd.</Address>
	</Employee>
	<Employee>
		<FirstName>Evangeline</FirstName>
		<LastName>Lewis</LastName>
		<Email>Aliquam.adipiscing.lobortis@ac.org</Email>
		<Department>Pellentesque Eget Corp.</Department>
		<Address>282-5964 Sodales Rd.</Address>
	</Employee>
	<Employee>
		<FirstName>Orla</FirstName>
		<LastName>Vielka</LastName>
		<Email>porta@non.net</Email>
		<Department>Dui Cras Pellentesque Industries</Department>
		<Address>9495 Quis St.</Address>
	</Employee>
	<Employee>
		<FirstName>Kaye</FirstName>
		<LastName>Maggy</LastName>
		<Email>ut@in.edu</Email>
		<Department>Sem Magna Consulting</Department>
		<Address>Ap #234-8429 Ut Street</Address>
	</Employee>
	<Employee>
		<FirstName>Kaseem</FirstName>
		<LastName>Medge</LastName>
		<Email>Donec@egestasSed.edu</Email>
		<Department>Commodo Hendrerit Corp.</Department>
		<Address>853-5383 Mi Avenue</Address>
	</Employee>
	<Employee>
		<FirstName>Vivien</FirstName>
		<LastName>Stuart</LastName>
		<Email>Nulla.interdum@gravidasagittis.co.uk</Email>
		<Department>Libero Corp.</Department>
		<Address>461-4637 Purus, Rd.</Address>
	</Employee>
	<Employee>
		<FirstName>Gavin</FirstName>
		<LastName>Ursa</LastName>
		<Email>nascetur.ridiculus.mus@eu.ca</Email>
		<Department>Vivamus Nibh Dolor Consulting</Department>
		<Address>1252 Vel, Rd.</Address>
	</Employee>
	<Employee>
		<FirstName>Kim</FirstName>
		<LastName>Guinevere</LastName>
		<Email>lacus.varius@rhoncusDonecest.org</Email>
		<Department>Adipiscing Elit Aliquam Ltd</Department>
		<Address>Ap #890-5567 Non, Ave</Address>
	</Employee>
	<Employee>
		<FirstName>Lenore</FirstName>
		<LastName>Ori</LastName>
		<Email>Cum.sociis.natoque@purusDuis.com</Email>
		<Department>Non Luctus Limited</Department>
		<Address>2550 Massa. Rd.</Address>
	</Employee>
	<Employee>
		<FirstName>Dorothy</FirstName>
		<LastName>Hop</LastName>
		<Email>Integer@luctuset.co.uk</Email>
		<Department>Vitae Purus Gravida Ltd</Department>
		<Address>6153 Sollicitudin Rd.</Address>
	</Employee>
	<Employee>
		<FirstName>Vaughan</FirstName>
		<LastName>Pascale</LastName>
		<Email>eu.ligula@eratvel.com</Email>
		<Department>Tempor Corp.</Department>
		<Address>4811 Metus Avenue</Address>
	</Employee>
	<Employee>
		<FirstName>Connor</FirstName>
		<LastName>Rachel</LastName>
		<Email>dolor@Nullam.ca</Email>
		<Department>Enim Curabitur Massa PC</Department>
		<Address>4264 Nulla Ave</Address>
	</Employee>
	<Employee>
		<FirstName>Martin</FirstName>
		<LastName>Rafael</LastName>
		<Email>enim@ullamcorper.edu</Email>
		<Department>Tincidunt Aliquam Arcu Limited</Department>
		<Address>Ap #188-7266 Orci. Av.</Address>
	</Employee>
	<Employee>
		<FirstName>India</FirstName>
		<LastName>Rajah</LastName>
		<Email>amet.consectetuer@magnanecquam.edu</Email>
		<Department>Molestie Orci Tincidunt LLP</Department>
		<Address>P.O. Box 753, 7689 Duis Road</Address>
	</Employee>
	<Employee>
		<FirstName>Noel</FirstName>
		<LastName>Ali</LastName>
		<Email>tristique.pharetra@velpede.net</Email>
		<Department>Et Lacinia Corp.</Department>
		<Address>P.O. Box 314, 578 Ultrices Av.</Address>
	</Employee>
	<Employee>
		<FirstName>Clare</FirstName>
		<LastName>Xavier</LastName>
		<Email>Donec@hymenaeos.com</Email>
		<Department>Molestie Industries</Department>
		<Address>P.O. Box 604, 7275 Hendrerit Av.</Address>
	</Employee>
	<Employee>
		<FirstName>Rose</FirstName>
		<LastName>Hedy</LastName>
		<Email>interdum@infaucibus.edu</Email>
		<Department>Ac Consulting</Department>
		<Address>832-7167 Nunc Ave</Address>
	</Employee>
	<Employee>
		<FirstName>Brynne</FirstName>
		<LastName>Mariam</LastName>
		<Email>diam.Pellentesque.habitant@parturientmontesnascetur.org</Email>
		<Department>Interdum Curabitur Dictum Inc.</Department>
		<Address>7088 Sem St.</Address>
	</Employee>
	<Employee>
		<FirstName>Tamekah</FirstName>
		<LastName>Bevis</LastName>
		<Email>nulla.Integer@acmetus.org</Email>
		<Department>Aliquet Phasellus Industries</Department>
		<Address>598-1221 Consectetuer Avenue</Address>
	</Employee>
	<Employee>
		<FirstName>Upton</FirstName>
		<LastName>Quemby</LastName>
		<Email>sem@mauriselit.ca</Email>
		<Department>Dolor Limited</Department>
		<Address>Ap #148-7504 Elit Av.</Address>
	</Employee>
	<Employee>
		<FirstName>Jared</FirstName>
		<LastName>Coby</LastName>
		<Email>Sed@non.ca</Email>
		<Department>Ut Pharetra Company</Department>
		<Address>588-9274 Eu, Ave</Address>
	</Employee>
	<Employee>
		<FirstName>Pascale</FirstName>
		<LastName>Stewart</LastName>
		<Email>in.sodales@lacusNulla.edu</Email>
		<Department>Libero Proin Sed Consulting</Department>
		<Address>Ap #445-6776 Non St.</Address>
	</Employee>
	<Employee>
		<FirstName>Mariam</FirstName>
		<LastName>Zachery</LastName>
		<Email>enim.Nunc.ut@vehiculaaliquet.edu</Email>
		<Department>Nibh Associates</Department>
		<Address>Ap #643-4080 Tristique St.</Address>
	</Employee>
	<Employee>
		<FirstName>Shelly</FirstName>
		<LastName>Marcia</LastName>
		<Email>nisi.sem.semper@enimMaurisquis.net</Email>
		<Department>Vehicula Risus Nulla Ltd</Department>
		<Address>3035 Per St.</Address>
	</Employee>
	<Employee>
		<FirstName>Dawn</FirstName>
		<LastName>Cairo</LastName>
		<Email>rutrum.lorem@Integervulputaterisus.org</Email>
		<Department>Neque Sed Company</Department>
		<Address>158-6282 Ornare Street</Address>
	</Employee>
	<Employee>
		<FirstName>Dillon</FirstName>
		<LastName>Eaton</LastName>
		<Email>diam.luctus.lobortis@Morbiquis.org</Email>
		<Department>Arcu Et Pede Limited</Department>
		<Address>217-7822 Egestas Road</Address>
	</Employee>
	<Employee>
		<FirstName>Christopher</FirstName>
		<LastName>Blythe</LastName>
		<Email>Sed.auctor@Fusce.edu</Email>
		<Department>Pede Institute</Department>
		<Address>213-6469 Eget Ave</Address>
	</Employee>
	<Employee>
		<FirstName>Giselle</FirstName>
		<LastName>Robert</LastName>
		<Email>risus.odio.auctor@nondapibusrutrum.net</Email>
		<Department>Metus Foundation</Department>
		<Address>3446 Quisque Road</Address>
	</Employee>
	<Employee>
		<FirstName>Leslie</FirstName>
		<LastName>Janna</LastName>
		<Email>aliquet@diamnuncullamcorper.co.uk</Email>
		<Department>Vestibulum Accumsan Associates</Department>
		<Address>622-8745 Proin Rd.</Address>
	</Employee>
	<Employee>
		<FirstName>Haley</FirstName>
		<LastName>Rhoda</LastName>
		<Email>semper.erat.in@ligulaconsectetuer.com</Email>
		<Department>Sem Ltd</Department>
		<Address>6723 Convallis Avenue</Address>
	</Employee>
	<Employee>
		<FirstName>Faith</FirstName>
		<LastName>Keegan</LastName>
		<Email>ligula@atpede.net</Email>
		<Department>Neque Industries</Department>
		<Address>3054 Nulla Ave</Address>
	</Employee>
</Employees>
