<?xml version="1.0" encoding="UTF-8" ?><Employees>
	<Employee>
		<FirstName>Nero</FirstName>
		<LastName>Fatima</LastName>
		<Email>libero@tempusscelerisque.net</Email>
		<Department>Orci Industries</Department>
		<Address>4052 Massa St.</Address>
	</Employee>
	<Employee>
		<FirstName>Ethan</FirstName>
		<LastName>Ray</LastName>
		<Email>mollis.non.cursus@egetmagnaSuspendisse.co.uk</Email>
		<Department>Pulvinar Company</Department>
		<Address>Ap #630-7068 Pede. Street</Address>
	</Employee>
	<Employee>
		<FirstName>Susan</FirstName>
		<LastName>Ivory</LastName>
		<Email>odio.vel@idnuncinterdum.edu</Email>
		<Department>Sociosqu Limited</Department>
		<Address>Ap #552-5796 Vulputate, Avenue</Address>
	</Employee>
	<Employee>
		<FirstName>Brianna</FirstName>
		<LastName>Macy</LastName>
		<Email>et.rutrum.eu@tellusloremeu.edu</Email>
		<Department>Est Mauris Eu LLP</Department>
		<Address>389-7634 Ut Rd.</Address>
	</Employee>
	<Employee>
		<FirstName>Wallace</FirstName>
		<LastName>Hilda</LastName>
		<Email>non.sollicitudin.a@mi.edu</Email>
		<Department>Etiam Ligula Tortor Associates</Department>
		<Address>P.O. Box 176, 5343 Arcu. Av.</Address>
	</Employee>
	<Employee>
		<FirstName>Dieter</FirstName>
		<LastName>Ashely</LastName>
		<Email>erat.volutpat.Nulla@vulputate.ca</Email>
		<Department>Sodales PC</Department>
		<Address>325-5726 Facilisi. Rd.</Address>
	</Employee>
	<Employee>
		<FirstName>Signe</FirstName>
		<LastName>Jael</LastName>
		<Email>lobortis.ultrices@dictumeu.net</Email>
		<Department>Nec Malesuada Ut Consulting</Department>
		<Address>925 Vitae St.</Address>
	</Employee>
	<Employee>
		<FirstName>Allistair</FirstName>
		<LastName>Xander</LastName>
		<Email>eget.volutpat@NullafacilisisSuspendisse.ca</Email>
		<Department>Malesuada Foundation</Department>
		<Address>6875 Phasellus Av.</Address>
	</Employee>
	<Employee>
		<FirstName>Anjolie</FirstName>
		<LastName>Roth</LastName>
		<Email>Donec@erateget.ca</Email>
		<Department>Fusce Aliquet Magna LLP</Department>
		<Address>927-6546 Nisi. Avenue</Address>
	</Employee>
	<Employee>
		<FirstName>Valentine</FirstName>
		<LastName>Jeanette</LastName>
		<Email>vulputate@feugiatnecdiam.net</Email>
		<Department>Odio Associates</Department>
		<Address>Ap #123-9117 Nibh. Avenue</Address>
	</Employee>
	<Employee>
		<FirstName>Harper</FirstName>
		<LastName>Branden</LastName>
		<Email>sed@sedhendrerit.org</Email>
		<Department>Justo PC</Department>
		<Address>Ap #322-7864 Vulputate St.</Address>
	</Employee>
	<Employee>
		<FirstName>Myra</FirstName>
		<LastName>Fiona</LastName>
		<Email>sed.sapien@acturpis.org</Email>
		<Department>Vitae Associates</Department>
		<Address>P.O. Box 117, 5585 Libero Rd.</Address>
	</Employee>
	<Employee>
		<FirstName>Brock</FirstName>
		<LastName>Kendall</LastName>
		<Email>faucibus.orci@faucibusMorbi.net</Email>
		<Department>In Associates</Department>
		<Address>6084 Ac Rd.</Address>
	</Employee>
	<Employee>
		<FirstName>Shad</FirstName>
		<LastName>Hayden</LastName>
		<Email>varius.et@ultriciesdignissimlacus.net</Email>
		<Department>Fusce Feugiat Institute</Department>
		<Address>4448 Leo. Rd.</Address>
	</Employee>
	<Employee>
		<FirstName>Kibo</FirstName>
		<LastName>Moses</LastName>
		<Email>Vestibulum@Lorem.net</Email>
		<Department>Hendrerit Neque Ltd</Department>
		<Address>P.O. Box 761, 2201 Dis Avenue</Address>
	</Employee>
	<Employee>
		<FirstName>Caldwell</FirstName>
		<LastName>Abraham</LastName>
		<Email>ornare@massalobortisultrices.co.uk</Email>
		<Department>Mauris Suspendisse Aliquet LLC</Department>
		<Address>3196 Ut St.</Address>
	</Employee>
	<Employee>
		<FirstName>Arthur</FirstName>
		<LastName>Drew</LastName>
		<Email>bibendum.Donec@idrisus.ca</Email>
		<Department>Et Risus Quisque Consulting</Department>
		<Address>960-4726 Nisi Road</Address>
	</Employee>
	<Employee>
		<FirstName>Colleen</FirstName>
		<LastName>Brent</LastName>
		<Email>dictum.sapien.Aenean@lectus.edu</Email>
		<Department>Ac Risus Corp.</Department>
		<Address>P.O. Box 372, 1733 Lectus Rd.</Address>
	</Employee>
	<Employee>
		<FirstName>Vaughan</FirstName>
		<LastName>Zeus</LastName>
		<Email>ultricies@nasceturridiculus.org</Email>
		<Department>Curae; Donec Company</Department>
		<Address>P.O. Box 757, 9306 Mi Street</Address>
	</Employee>
	<Employee>
		<FirstName>Iona</FirstName>
		<LastName>Ulric</LastName>
		<Email>faucibus.ut@tristiquepharetraQuisque.net</Email>
		<Department>Consequat Nec Mollis Ltd</Department>
		<Address>P.O. Box 292, 3395 Turpis. St.</Address>
	</Employee>
	<Employee>
		<FirstName>Iris</FirstName>
		<LastName>Charde</LastName>
		<Email>vitae.posuere@etmagna.ca</Email>
		<Department>Praesent Interdum Ligula Ltd</Department>
		<Address>833-4678 Neque. Ave</Address>
	</Employee>
	<Employee>
		<FirstName>Kellie</FirstName>
		<LastName>Jennifer</LastName>
		<Email>sagittis.Duis@Inornaresagittis.net</Email>
		<Department>Lorem Vehicula Inc.</Department>
		<Address>9646 Nulla Avenue</Address>
	</Employee>
	<Employee>
		<FirstName>Ivan</FirstName>
		<LastName>Xenos</LastName>
		<Email>turpis@nonlobortis.ca</Email>
		<Department>Nunc Lectus Associates</Department>
		<Address>5012 Donec St.</Address>
	</Employee>
	<Employee>
		<FirstName>Ursula</FirstName>
		<LastName>Asher</LastName>
		<Email>tellus@sodalesatvelit.org</Email>
		<Department>Vestibulum Neque Sed Consulting</Department>
		<Address>P.O. Box 467, 7745 Metus St.</Address>
	</Employee>
	<Employee>
		<FirstName>Melanie</FirstName>
		<LastName>Nasim</LastName>
		<Email>Quisque@molestie.org</Email>
		<Department>Enim Consequat Purus Industries</Department>
		<Address>394-9050 At Road</Address>
	</Employee>
	<Employee>
		<FirstName>Kenyon</FirstName>
		<LastName>Rhona</LastName>
		<Email>Nulla@temporest.net</Email>
		<Department>Mauris Suspendisse Institute</Department>
		<Address>9773 Non Av.</Address>
	</Employee>
	<Employee>
		<FirstName>Blair</FirstName>
		<LastName>Tiger</LastName>
		<Email>fringilla.Donec@eratVivamus.edu</Email>
		<Department>Adipiscing Ligula Aenean Ltd</Department>
		<Address>180-8589 Consequat St.</Address>
	</Employee>
	<Employee>
		<FirstName>Gay</FirstName>
		<LastName>Michael</LastName>
		<Email>nunc.ullamcorper.eu@tristique.ca</Email>
		<Department>Cum Sociis Ltd</Department>
		<Address>Ap #613-4367 Curabitur Avenue</Address>
	</Employee>
	<Employee>
		<FirstName>Leslie</FirstName>
		<LastName>Colleen</LastName>
		<Email>faucibus@cubilia.co.uk</Email>
		<Department>Molestie Sodales Mauris Corp.</Department>
		<Address>803-2600 Quisque Street</Address>
	</Employee>
	<Employee>
		<FirstName>Kirsten</FirstName>
		<LastName>Logan</LastName>
		<Email>est@Nullamutnisi.net</Email>
		<Department>Et Lacinia Vitae Corporation</Department>
		<Address>9753 Dictum St.</Address>
	</Employee>
	<Employee>
		<FirstName>Hakeem</FirstName>
		<LastName>Jasmine</LastName>
		<Email>nec.urna@Curabiturconsequat.net</Email>
		<Department>Mauris Industries</Department>
		<Address>4162 Dolor Rd.</Address>
	</Employee>
	<Employee>
		<FirstName>Rosalyn</FirstName>
		<LastName>Farrah</LastName>
		<Email>ipsum.dolor@sed.ca</Email>
		<Department>Vestibulum Company</Department>
		<Address>2107 Accumsan Ave</Address>
	</Employee>
	<Employee>
		<FirstName>Tara</FirstName>
		<LastName>Carla</LastName>
		<Email>lacinia.orci.consectetuer@parturientmontes.ca</Email>
		<Department>Purus Gravida Industries</Department>
		<Address>2833 Morbi St.</Address>
	</Employee>
	<Employee>
		<FirstName>Conan</FirstName>
		<LastName>Virginia</LastName>
		<Email>congue.elit.sed@ullamcorpernisl.co.uk</Email>
		<Department>Nulla Facilisi Sed PC</Department>
		<Address>Ap #735-4477 Egestas St.</Address>
	</Employee>
	<Employee>
		<FirstName>Cain</FirstName>
		<LastName>Madaline</LastName>
		<Email>velit.egestas.lacinia@Proinnon.ca</Email>
		<Department>Tempus Limited</Department>
		<Address>P.O. Box 981, 8264 Nec, Rd.</Address>
	</Employee>
	<Employee>
		<FirstName>Yeo</FirstName>
		<LastName>Maile</LastName>
		<Email>lectus@Nunc.org</Email>
		<Department>Massa Limited</Department>
		<Address>Ap #633-3261 Sed Rd.</Address>
	</Employee>
	<Employee>
		<FirstName>Jennifer</FirstName>
		<LastName>Ryan</LastName>
		<Email>vel@mauris.co.uk</Email>
		<Department>Sed Malesuada Corp.</Department>
		<Address>224-636 Volutpat. St.</Address>
	</Employee>
	<Employee>
		<FirstName>Yuli</FirstName>
		<LastName>Ainsley</LastName>
		<Email>lorem@sitamet.co.uk</Email>
		<Department>Ut Tincidunt Institute</Department>
		<Address>P.O. Box 486, 9522 Metus Avenue</Address>
	</Employee>
	<Employee>
		<FirstName>Owen</FirstName>
		<LastName>Reagan</LastName>
		<Email>mauris.elit@tellus.org</Email>
		<Department>Nulla Tincidunt PC</Department>
		<Address>6914 Purus, St.</Address>
	</Employee>
	<Employee>
		<FirstName>Leigh</FirstName>
		<LastName>Avye</LastName>
		<Email>erat.Etiam.vestibulum@necorci.ca</Email>
		<Department>Commodo Tincidunt Nibh LLC</Department>
		<Address>554-7872 Adipiscing Av.</Address>
	</Employee>
	<Employee>
		<FirstName>Len</FirstName>
		<LastName>Anjolie</LastName>
		<Email>nibh@acfermentumvel.org</Email>
		<Department>Quisque Libero Lacus Foundation</Department>
		<Address>Ap #952-6627 Nulla Rd.</Address>
	</Employee>
	<Employee>
		<FirstName>Ulric</FirstName>
		<LastName>Aquila</LastName>
		<Email>netus@Donecluctusaliquet.edu</Email>
		<Department>Et Malesuada Corp.</Department>
		<Address>P.O. Box 406, 9940 Massa. Rd.</Address>
	</Employee>
	<Employee>
		<FirstName>Micah</FirstName>
		<LastName>Colleen</LastName>
		<Email>ligula@quamvel.net</Email>
		<Department>Non Inc.</Department>
		<Address>5299 Mauris St.</Address>
	</Employee>
	<Employee>
		<FirstName>Vanna</FirstName>
		<LastName>Bianca</LastName>
		<Email>imperdiet.ornare@sedsem.org</Email>
		<Department>Elementum Lorem Corporation</Department>
		<Address>6855 Id, Street</Address>
	</Employee>
	<Employee>
		<FirstName>Audra</FirstName>
		<LastName>Carly</LastName>
		<Email>ligula@viverra.com</Email>
		<Department>Malesuada Consulting</Department>
		<Address>724-200 Faucibus St.</Address>
	</Employee>
	<Employee>
		<FirstName>Cadman</FirstName>
		<LastName>Cynthia</LastName>
		<Email>ligula.Nullam@vel.net</Email>
		<Department>Sit Amet Consectetuer Institute</Department>
		<Address>8733 Mauris Rd.</Address>
	</Employee>
	<Employee>
		<FirstName>Aline</FirstName>
		<LastName>Orla</LastName>
		<Email>a.facilisis@fringillaeuismodenim.edu</Email>
		<Department>Est Tempor Bibendum PC</Department>
		<Address>P.O. Box 771, 6267 Integer Rd.</Address>
	</Employee>
	<Employee>
		<FirstName>Astra</FirstName>
		<LastName>Riley</LastName>
		<Email>eros.Nam@Nulla.edu</Email>
		<Department>Pellentesque Eget Foundation</Department>
		<Address>971 Ut St.</Address>
	</Employee>
	<Employee>
		<FirstName>Yvonne</FirstName>
		<LastName>Elijah</LastName>
		<Email>mi.lorem@risusNullaeget.org</Email>
		<Department>Libero Consulting</Department>
		<Address>Ap #538-9609 Faucibus Av.</Address>
	</Employee>
	<Employee>
		<FirstName>Peter</FirstName>
		<LastName>Nathaniel</LastName>
		<Email>Duis.cursus.diam@nibhsit.ca</Email>
		<Department>Volutpat Nunc Sit Corporation</Department>
		<Address>9087 Faucibus St.</Address>
	</Employee>
	<Employee>
		<FirstName>Kathleen</FirstName>
		<LastName>Angelica</LastName>
		<Email>Suspendisse.sed.dolor@in.net</Email>
		<Department>Gravida Sagittis Foundation</Department>
		<Address>Ap #456-4082 Nunc Road</Address>
	</Employee>
	<Employee>
		<FirstName>Mallory</FirstName>
		<LastName>Rigel</LastName>
		<Email>cursus.a@Nulla.com</Email>
		<Department>Vitae LLP</Department>
		<Address>725-7196 Ridiculus Rd.</Address>
	</Employee>
	<Employee>
		<FirstName>Brielle</FirstName>
		<LastName>Juliet</LastName>
		<Email>dis@Donecest.ca</Email>
		<Department>Iaculis Nec PC</Department>
		<Address>5748 Ornare, Rd.</Address>
	</Employee>
	<Employee>
		<FirstName>Jarrod</FirstName>
		<LastName>Sheila</LastName>
		<Email>fermentum@Maurisnon.ca</Email>
		<Department>Sem Ut Dolor Corp.</Department>
		<Address>Ap #736-8897 Nisl. Street</Address>
	</Employee>
	<Employee>
		<FirstName>Quentin</FirstName>
		<LastName>Jaquelyn</LastName>
		<Email>nec.euismod@velarcu.edu</Email>
		<Department>Est Associates</Department>
		<Address>559-8862 Ipsum. Ave</Address>
	</Employee>
	<Employee>
		<FirstName>Rashad</FirstName>
		<LastName>Daniel</LastName>
		<Email>egestas@telluseuaugue.edu</Email>
		<Department>Dolor Vitae Inc.</Department>
		<Address>Ap #148-6413 Dolor Ave</Address>
	</Employee>
	<Employee>
		<FirstName>Kaseem</FirstName>
		<LastName>Dolan</LastName>
		<Email>ipsum.primis@interdum.co.uk</Email>
		<Department>Libero Morbi Corporation</Department>
		<Address>Ap #886-813 Id Street</Address>
	</Employee>
	<Employee>
		<FirstName>Joshua</FirstName>
		<LastName>Galvin</LastName>
		<Email>tristique.aliquet@cursusnon.com</Email>
		<Department>Id Nunc Limited</Department>
		<Address>1335 Vestibulum Av.</Address>
	</Employee>
	<Employee>
		<FirstName>Sonya</FirstName>
		<LastName>Skyler</LastName>
		<Email>pede@massaSuspendisseeleifend.net</Email>
		<Department>Nec Tellus Foundation</Department>
		<Address>P.O. Box 633, 3616 Consequat Ave</Address>
	</Employee>
	<Employee>
		<FirstName>Hamilton</FirstName>
		<LastName>Hadassah</LastName>
		<Email>eu.eleifend@quamquisdiam.net</Email>
		<Department>Non Lobortis LLP</Department>
		<Address>622-693 Enim. Street</Address>
	</Employee>
	<Employee>
		<FirstName>Aurora</FirstName>
		<LastName>Brody</LastName>
		<Email>mauris@natoque.net</Email>
		<Department>Suscipit Nonummy Incorporated</Department>
		<Address>7580 Ridiculus Avenue</Address>
	</Employee>
	<Employee>
		<FirstName>Yvonne</FirstName>
		<LastName>Kibo</LastName>
		<Email>velit@sodalesatvelit.com</Email>
		<Department>Magna Praesent Interdum Corp.</Department>
		<Address>Ap #500-1670 Risus. Street</Address>
	</Employee>
	<Employee>
		<FirstName>Abbot</FirstName>
		<LastName>Igor</LastName>
		<Email>feugiat@tellusAenean.net</Email>
		<Department>Pede Blandit Associates</Department>
		<Address>941-3394 Lorem St.</Address>
	</Employee>
	<Employee>
		<FirstName>Judith</FirstName>
		<LastName>Ria</LastName>
		<Email>volutpat@urnaNuncquis.ca</Email>
		<Department>Ante Ipsum Primis Associates</Department>
		<Address>2285 Morbi Avenue</Address>
	</Employee>
	<Employee>
		<FirstName>Alden</FirstName>
		<LastName>Stephen</LastName>
		<Email>nascetur@vehicula.ca</Email>
		<Department>Viverra Maecenas Iaculis LLC</Department>
		<Address>589-8272 Sed Street</Address>
	</Employee>
	<Employee>
		<FirstName>Natalie</FirstName>
		<LastName>Mia</LastName>
		<Email>dolor.sit@facilisiSedneque.net</Email>
		<Department>Etiam Ligula Tortor Corporation</Department>
		<Address>Ap #815-7518 Non, Street</Address>
	</Employee>
	<Employee>
		<FirstName>Nicole</FirstName>
		<LastName>Britanney</LastName>
		<Email>nonummy@Namconsequat.org</Email>
		<Department>Dignissim Maecenas Institute</Department>
		<Address>241-4925 Maecenas St.</Address>
	</Employee>
	<Employee>
		<FirstName>Ivana</FirstName>
		<LastName>Victoria</LastName>
		<Email>rutrum@Aeneanegetmetus.edu</Email>
		<Department>Interdum Curabitur Dictum Company</Department>
		<Address>6663 Cras Rd.</Address>
	</Employee>
	<Employee>
		<FirstName>Zeus</FirstName>
		<LastName>Hashim</LastName>
		<Email>mollis.non.cursus@augueeu.com</Email>
		<Department>Elit Pellentesque A Associates</Department>
		<Address>447-5728 Parturient Ave</Address>
	</Employee>
	<Employee>
		<FirstName>Hyatt</FirstName>
		<LastName>Dylan</LastName>
		<Email>sodales.at@adipiscingMaurismolestie.org</Email>
		<Department>Quis Ltd</Department>
		<Address>Ap #112-7465 Venenatis Rd.</Address>
	</Employee>
	<Employee>
		<FirstName>Farrah</FirstName>
		<LastName>Jacob</LastName>
		<Email>blandit.Nam.nulla@elitpellentesque.co.uk</Email>
		<Department>Aliquam Incorporated</Department>
		<Address>947-8834 A St.</Address>
	</Employee>
	<Employee>
		<FirstName>Levi</FirstName>
		<LastName>Remedios</LastName>
		<Email>a.nunc@turpisegestasFusce.net</Email>
		<Department>Dictum Augue LLC</Department>
		<Address>Ap #364-4254 Mauris Street</Address>
	</Employee>
	<Employee>
		<FirstName>Emma</FirstName>
		<LastName>Chelsea</LastName>
		<Email>dolor.vitae.dolor@Fusce.org</Email>
		<Department>Placerat Velit Quisque Industries</Department>
		<Address>401-192 Natoque Avenue</Address>
	</Employee>
	<Employee>
		<FirstName>Salvador</FirstName>
		<LastName>Margaret</LastName>
		<Email>dui@sedlibero.ca</Email>
		<Department>Placerat Velit Institute</Department>
		<Address>238-6213 Maecenas Rd.</Address>
	</Employee>
	<Employee>
		<FirstName>Melinda</FirstName>
		<LastName>Lenore</LastName>
		<Email>elit@montes.co.uk</Email>
		<Department>Neque Vitae Semper LLC</Department>
		<Address>Ap #762-8904 Nascetur St.</Address>
	</Employee>
	<Employee>
		<FirstName>Christopher</FirstName>
		<LastName>Carlos</LastName>
		<Email>consectetuer.adipiscing@pedeetrisus.ca</Email>
		<Department>A Facilisis Non Inc.</Department>
		<Address>Ap #724-9675 Ridiculus Rd.</Address>
	</Employee>
	<Employee>
		<FirstName>Kermit</FirstName>
		<LastName>Rama</LastName>
		<Email>risus.varius.orci@elitelit.net</Email>
		<Department>Sed Institute</Department>
		<Address>375-1064 Aliquet, Street</Address>
	</Employee>
	<Employee>
		<FirstName>Brent</FirstName>
		<LastName>Garth</LastName>
		<Email>orci.Phasellus@liberoduinec.net</Email>
		<Department>Ac Orci Ut LLP</Department>
		<Address>Ap #611-8845 Sollicitudin St.</Address>
	</Employee>
	<Employee>
		<FirstName>Zane</FirstName>
		<LastName>Faith</LastName>
		<Email>purus.ac.tellus@necmauris.org</Email>
		<Department>Et Institute</Department>
		<Address>Ap #652-4566 Magna Road</Address>
	</Employee>
	<Employee>
		<FirstName>Maggie</FirstName>
		<LastName>Ramona</LastName>
		<Email>malesuada.fames@commodohendreritDonec.co.uk</Email>
		<Department>Auctor Incorporated</Department>
		<Address>6507 Ante Ave</Address>
	</Employee>
	<Employee>
		<FirstName>Murphy</FirstName>
		<LastName>Samuel</LastName>
		<Email>Quisque@semut.edu</Email>
		<Department>Quam Vel Foundation</Department>
		<Address>P.O. Box 630, 301 Eros. Rd.</Address>
	</Employee>
	<Employee>
		<FirstName>Zachery</FirstName>
		<LastName>Alana</LastName>
		<Email>facilisis@egetmassa.org</Email>
		<Department>Blandit Enim Associates</Department>
		<Address>126-1353 Auctor. Road</Address>
	</Employee>
	<Employee>
		<FirstName>Sierra</FirstName>
		<LastName>David</LastName>
		<Email>posuere.at.velit@sem.net</Email>
		<Department>Vitae Dolor Company</Department>
		<Address>P.O. Box 938, 5726 Montes, Rd.</Address>
	</Employee>
	<Employee>
		<FirstName>Buffy</FirstName>
		<LastName>Henry</LastName>
		<Email>montes.nascetur.ridiculus@faucibusutnulla.edu</Email>
		<Department>Dolor Tempus LLC</Department>
		<Address>P.O. Box 255, 4309 Ante Rd.</Address>
	</Employee>
	<Employee>
		<FirstName>Kadeem</FirstName>
		<LastName>Axel</LastName>
		<Email>tristique@aliquetnecimperdiet.edu</Email>
		<Department>Eu Ligula Corporation</Department>
		<Address>9854 Consequat Road</Address>
	</Employee>
	<Employee>
		<FirstName>Peter</FirstName>
		<LastName>Hanna</LastName>
		<Email>Maecenas.libero.est@auctorveliteget.com</Email>
		<Department>Nonummy Fusce Fermentum Corp.</Department>
		<Address>651-6389 Vestibulum Avenue</Address>
	</Employee>
	<Employee>
		<FirstName>Xena</FirstName>
		<LastName>Gary</LastName>
		<Email>sodales.purus.in@ac.org</Email>
		<Department>Arcu Aliquam Ultrices LLP</Department>
		<Address>690-7030 Mus. St.</Address>
	</Employee>
	<Employee>
		<FirstName>Rosalyn</FirstName>
		<LastName>Lila</LastName>
		<Email>Aenean@leoelementumsem.org</Email>
		<Department>Pellentesque Habitant Morbi Corp.</Department>
		<Address>447 Ultricies Ave</Address>
	</Employee>
	<Employee>
		<FirstName>Rose</FirstName>
		<LastName>Cara</LastName>
		<Email>nec.ante.blandit@Duis.ca</Email>
		<Department>Donec Non Justo Corp.</Department>
		<Address>P.O. Box 312, 4597 Tristique St.</Address>
	</Employee>
	<Employee>
		<FirstName>Dana</FirstName>
		<LastName>Bryar</LastName>
		<Email>tempus.scelerisque@elitAliquamauctor.org</Email>
		<Department>Eu LLC</Department>
		<Address>6945 Rhoncus. Rd.</Address>
	</Employee>
	<Employee>
		<FirstName>Leah</FirstName>
		<LastName>Zelenia</LastName>
		<Email>Curabitur.sed@temporaugue.org</Email>
		<Department>Molestie Orci Foundation</Department>
		<Address>418-7958 Cum Rd.</Address>
	</Employee>
	<Employee>
		<FirstName>Carl</FirstName>
		<LastName>Kitra</LastName>
		<Email>posuere.at.velit@dignissimlacusAliquam.edu</Email>
		<Department>Neque Nullam Nisl Corp.</Department>
		<Address>Ap #719-3765 Mi Av.</Address>
	</Employee>
	<Employee>
		<FirstName>Wynter</FirstName>
		<LastName>Darrel</LastName>
		<Email>orci@felis.com</Email>
		<Department>Sit Corp.</Department>
		<Address>3788 Duis Street</Address>
	</Employee>
	<Employee>
		<FirstName>Mia</FirstName>
		<LastName>Leila</LastName>
		<Email>ultricies.adipiscing.enim@quamafelis.edu</Email>
		<Department>A Malesuada Inc.</Department>
		<Address>909-5981 Consequat Av.</Address>
	</Employee>
	<Employee>
		<FirstName>Oscar</FirstName>
		<LastName>Jameson</LastName>
		<Email>erat.volutpat@sitamet.net</Email>
		<Department>Elit Pretium Et PC</Department>
		<Address>7635 Augue St.</Address>
	</Employee>
	<Employee>
		<FirstName>Catherine</FirstName>
		<LastName>Timon</LastName>
		<Email>natoque.penatibus.et@magna.com</Email>
		<Department>Vulputate Foundation</Department>
		<Address>P.O. Box 478, 3878 Justo Av.</Address>
	</Employee>
	<Employee>
		<FirstName>Jarrod</FirstName>
		<LastName>Joan</LastName>
		<Email>inceptos.hymenaeos.Mauris@erosNam.edu</Email>
		<Department>Lacus Company</Department>
		<Address>P.O. Box 460, 7825 Nec Avenue</Address>
	</Employee>
	<Employee>
		<FirstName>Hillary</FirstName>
		<LastName>Cassandra</LastName>
		<Email>non.enim.commodo@varius.ca</Email>
		<Department>Aliquet Diam Sed Industries</Department>
		<Address>164-5381 Nec Ave</Address>
	</Employee>
	<Employee>
		<FirstName>Astra</FirstName>
		<LastName>Ivana</LastName>
		<Email>velit.egestas@tempus.edu</Email>
		<Department>Dui Nec LLP</Department>
		<Address>449-3434 Proin Rd.</Address>
	</Employee>
	<Employee>
		<FirstName>Martina</FirstName>
		<LastName>Rhonda</LastName>
		<Email>blandit.congue.In@sagittis.edu</Email>
		<Department>Magna A Neque PC</Department>
		<Address>Ap #878-8807 Eu Rd.</Address>
	</Employee>
</Employees>
