<?xml version="1.0" encoding="UTF-8" ?>
<records
	<Employees>
		<Employee>
			<FirstName>Dave</FirstName>
			<LastName>Franklin</LastName>
			<Email>david.franklin@frack.edu</Email>
			<References>
				<Reference>
					<FirstName>Peel</FirstName>
					<LastName>Long</LastName>
					<Email>longmann@gmail.com</Email>
				</Reference>
			</References>
		</Employee>
		<Employee>
			<FirstName>Bill</FirstName>
			<LastName>Large</LastName>
			<Email>blarge@frack.edu</Email>
			<References>
				<Reference>
					<FirstName>Danny</FirstName>
					<LastName>Double</LastName>
					<Email>drdouble@gmail.com</Email>
				</Reference>
				<Reference>
					<FirstName>Frank</FirstName>
					<LastName>Phillipe</LastName>
					<Email>FP@pingo.com</Email>
				</Reference>
			</References>
		</Employee>
	</Employees>
	<Reports>
		<Report>
			<Name>Big Report</Name>
			<File>NewBigReport.txt</File>
		</Report>
		<Report>
			<Name>Frank's Big Report</Name>
			<File>FrankReport.txt</File>
		</Report>
		<Report>
			<Name>Charlie Big Report</Name>
			<File>bigcharlireport.txt</File>
		</Report>
		<Report>
			<Name>Kyle</Name>
			<File>Kyle.txt</File>
		</Report>
		<Report>
			<Name>Danny Double Big Report</Name>
			<File>dannydoublebigreport.txt</File>
		</Report>
	</Reports>
</records>